id,address,name,industry,related_gov
firm1,关凤路藏龙岛科技园九凤街5号,武汉凡谷电子技术股份有限公司,电子信息,市发改委
firm2,邮科院路烽火科技大厦4/11～15层,武汉邮电科学研究院,电子信息,政府办公厅、市经委
firm3,关凤路藏龙岛科技园九凤街5号,武汉凡谷电子技术股份有限公司,电子信息,市发改委
firm4,五环路12,益海嘉里（武汉）粮油工业有限公司,食品烟草,市农业局
firm5,武汉市蔡甸区万家湖路,武汉提爱思全兴汽车零部件有限公司,汽车及零部件,市商务局
firm6,汉南大道720号,武汉非凡电源有限公司,电子信息,市商务局
firm7,"葛化正街31号	",武汉葛化集团有限公司,石油化工,市财政局
firm8,五环路12,益海嘉里（武汉）粮油工业有限公司,食品烟草,市农业局
firm9,武汉市蔡甸区万家湖路,武汉提爱思全兴汽车零部件有限公司,汽车及零部件,市商务局
firm10,汉南大道720号,武汉非凡电源有限公司,电子信息,市商务局
firm11,"葛化正街31号	",武汉葛化集团有限公司,石油化工,市财政局
firm12,五环路12,益海嘉里（武汉）粮油工业有限公司,食品烟草,市农业局
firm13,武汉市蔡甸区万家湖路,武汉提爱思全兴汽车零部件有限公司,汽车及零部件,市商务局
firm14,汉南大道720号,武汉非凡电源有限公司,电子信息,市商务局
firm15,"葛化正街31号	",武汉葛化集团有限公司,石油化工,市财政局
firm16,五环路12,益海嘉里（武汉）粮油工业有限公司,食品烟草,市农业局
firm17,武汉市蔡甸区万家湖路,武汉提爱思全兴汽车零部件有限公司,汽车及零部件,市商务局
firm18,汉南大道720号,武汉非凡电源有限公司,电子信息,市商务局
firm19,"葛化正街31号	",武汉葛化集团有限公司,石油化工,市财政局
firm20,五环路12,益海嘉里（武汉）粮油工业有限公司,食品烟草,市农业局
firm21,武汉市蔡甸区万家湖路,武汉提爱思全兴汽车零部件有限公司,汽车及零部件,市商务局
firm22,汉南大道720号,武汉非凡电源有限公司,电子信息,市商务局
firm23,"葛化正街31号	",武汉葛化集团有限公司,石油化工,市财政局
firm24,五环路12,益海嘉里（武汉）粮油工业有限公司,食品烟草,市农业局
firm25,武汉市蔡甸区万家湖路,武汉提爱思全兴汽车零部件有限公司,汽车及零部件,市商务局
firm26,汉南大道720号,武汉非凡电源有限公司,电子信息,市商务局
firm27,"葛化正街31号	",武汉葛化集团有限公司,石油化工,市财政局
firm28,五环路12,益海嘉里（武汉）粮油工业有限公司,食品烟草,市农业局
firm29,武汉市蔡甸区万家湖路,武汉提爱思全兴汽车零部件有限公司,汽车及零部件,市商务局
firm30,汉南大道720号,武汉非凡电源有限公司,电子信息,市商务局
firm31,"葛化正街31号	",武汉葛化集团有限公司,石油化工,市财政局
firm32,五环路12,益海嘉里（武汉）粮油工业有限公司,食品烟草,市农业局
firm33,武汉市蔡甸区万家湖路,武汉提爱思全兴汽车零部件有限公司,汽车及零部件,市商务局
firm34,汉南大道720号,武汉非凡电源有限公司,电子信息,市商务局
firm35,"葛化正街31号	",武汉葛化集团有限公司,石油化工,市财政局
firm36,五环路12,益海嘉里（武汉）粮油工业有限公司,食品烟草,市农业局
firm37,武汉市蔡甸区万家湖路,武汉提爱思全兴汽车零部件有限公司,汽车及零部件,市商务局
firm38,汉南大道720号,武汉非凡电源有限公司,电子信息,市商务局
firm39,"葛化正街31号	",武汉葛化集团有限公司,石油化工,市财政局
firm40,五环路12,益海嘉里（武汉）粮油工业有限公司,食品烟草,市农业局
firm41,武汉市蔡甸区万家湖路,武汉提爱思全兴汽车零部件有限公司,汽车及零部件,市商务局
firm42,汉南大道720号,武汉非凡电源有限公司,电子信息,市商务局
firm43,"葛化正街31号	",武汉葛化集团有限公司,石油化工,市财政局
firm44,五环路12,益海嘉里（武汉）粮油工业有限公司,食品烟草,市农业局
firm45,武汉市蔡甸区万家湖路,武汉提爱思全兴汽车零部件有限公司,汽车及零部件,市商务局
firm46,汉南大道720号,武汉非凡电源有限公司,电子信息,市商务局
firm47,"葛化正街31号	",武汉葛化集团有限公司,石油化工,市财政局
firm48,五环路12,益海嘉里（武汉）粮油工业有限公司,食品烟草,市农业局
firm49,武汉市蔡甸区万家湖路,武汉提爱思全兴汽车零部件有限公司,汽车及零部件,市商务局
firm50,汉南大道720号,武汉非凡电源有限公司,电子信息,市商务局
firm51,"葛化正街31号	",武汉葛化集团有限公司,石油化工,市财政局
firm52,五环路12,益海嘉里（武汉）粮油工业有限公司,食品烟草,市农业局
firm53,武汉市蔡甸区万家湖路,武汉提爱思全兴汽车零部件有限公司,汽车及零部件,市商务局
firm54,汉南大道720号,武汉非凡电源有限公司,电子信息,市商务局
firm55,"葛化正街31号	",武汉葛化集团有限公司,石油化工,市财政局
firm56,五环路12,益海嘉里（武汉）粮油工业有限公司,食品烟草,市农业局
firm57,武汉市蔡甸区万家湖路,武汉提爱思全兴汽车零部件有限公司,汽车及零部件,市商务局
firm58,汉南大道720号,武汉非凡电源有限公司,电子信息,市商务局
firm59,"葛化正街31号	",武汉葛化集团有限公司,石油化工,市财政局
firm60,五环路12,益海嘉里（武汉）粮油工业有限公司,食品烟草,市农业局
firm61,武汉市蔡甸区万家湖路,武汉提爱思全兴汽车零部件有限公司,汽车及零部件,市商务局
firm62,汉南大道720号,武汉非凡电源有限公司,电子信息,市商务局
firm63,"葛化正街31号	",武汉葛化集团有限公司,石油化工,市财政局
firm64,"侯程文武汉经济技术开发区车城东路283号	",东风本田汽车有限公司,汽车及零部件,政府办公厅、市经委
firm65,"侯程文武汉经济技术开发区车城东路283号	",东风本田汽车有限公司,汽车及零部件,政府办公厅、市经委
firm66,徐东大街231-233,华中电网有限公司,能源及环保,市经委
firm67,"创业路附近	",武汉唯冠科技有限公司,电子信息,市科技局
firm68,神龙大道9,名幸电子（武汉)有限公司,电子信息,市科技局
firm69,武汉经济技术开发区４０ＭＤ地块,美的集团武汉制冷设备有限公司,消费品及其它,市科技局
firm70,金银湖路11号,中交第二航务工程局有限公司,建设施工,市建委
firm71,"鹦鹉大道484号	",武汉健民药业集团股份有限公司,生物医药,市环保局
firm72,武汉武昌南湖周家湾100号,武汉马应龙集团股份有限公司,生物医药,市环保局
firm73,杜家井1,中石化80万吨乙烯项目,石油化工,市环保局
firm74,"武汉市江夏区G107	",武汉顺乐不锈钢有限公司,Unknown,Unknown
firm75,"汽渡路196号	",武汉中东化工股份有限公司,Unknown,Unknown
firm76,武昌区石洞街,武汉长虹机械厂,Unknown,Unknown
firm77,徐东大街231-233,华中电网有限公司,能源及环保,市经委
firm78,"创业路附近	",武汉唯冠科技有限公司,电子信息,市科技局
firm79,神龙大道9,名幸电子（武汉)有限公司,电子信息,市科技局
firm80,武汉经济技术开发区４０ＭＤ地块,美的集团武汉制冷设备有限公司,消费品及其它,市科技局
firm81,金银湖路11号,中交第二航务工程局有限公司,建设施工,市建委
firm82,"鹦鹉大道484号	",武汉健民药业集团股份有限公司,生物医药,市环保局
firm83,武汉武昌南湖周家湾100号,武汉马应龙集团股份有限公司,生物医药,市环保局
firm84,杜家井1,中石化80万吨乙烯项目,石油化工,市环保局
firm85,"武汉市江夏区G107	",武汉顺乐不锈钢有限公司,Unknown,Unknown
firm86,"汽渡路196号	",武汉中东化工股份有限公司,Unknown,Unknown
firm87,武昌区石洞街,武汉长虹机械厂,Unknown,Unknown
firm88,徐东大街231-233,华中电网有限公司,能源及环保,市经委
firm89,"创业路附近	",武汉唯冠科技有限公司,电子信息,市科技局
firm90,神龙大道9,名幸电子（武汉)有限公司,电子信息,市科技局
firm91,武汉经济技术开发区４０ＭＤ地块,美的集团武汉制冷设备有限公司,消费品及其它,市科技局
firm92,金银湖路11号,中交第二航务工程局有限公司,建设施工,市建委
firm93,"鹦鹉大道484号	",武汉健民药业集团股份有限公司,生物医药,市环保局
firm94,武汉武昌南湖周家湾100号,武汉马应龙集团股份有限公司,生物医药,市环保局
firm95,杜家井1,中石化80万吨乙烯项目,石油化工,市环保局
firm96,"武汉市江夏区G107	",武汉顺乐不锈钢有限公司,Unknown,Unknown
firm97,"汽渡路196号	",武汉中东化工股份有限公司,Unknown,Unknown
firm98,武昌区石洞街,武汉长虹机械厂,Unknown,Unknown
firm99,徐东大街231-233,华中电网有限公司,能源及环保,市经委
firm100,"创业路附近	",武汉唯冠科技有限公司,电子信息,市科技局
firm101,神龙大道9,名幸电子（武汉)有限公司,电子信息,市科技局
firm102,武汉经济技术开发区４０ＭＤ地块,美的集团武汉制冷设备有限公司,消费品及其它,市科技局
firm103,金银湖路11号,中交第二航务工程局有限公司,建设施工,市建委
firm104,神龙大道9,名幸电子（武汉)有限公司,电子信息,市科技局
firm105,武汉经济技术开发区４０ＭＤ地块,美的集团武汉制冷设备有限公司,消费品及其它,市科技局
firm106,金银湖路11号,中交第二航务工程局有限公司,建设施工,市建委
firm107,"鹦鹉大道484号	",武汉健民药业集团股份有限公司,生物医药,市环保局
firm108,武汉武昌南湖周家湾100号,武汉马应龙集团股份有限公司,生物医药,市环保局
firm109,杜家井1,中石化80万吨乙烯项目,石油化工,市环保局
firm110,"武汉市江夏区G107	",武汉顺乐不锈钢有限公司,Unknown,Unknown
firm111,"汽渡路196号	",武汉中东化工股份有限公司,Unknown,Unknown
firm112,武昌区石洞街,武汉长虹机械厂,Unknown,Unknown
firm113,徐东大街231-233,华中电网有限公司,能源及环保,市经委
firm114,"创业路附近	",武汉唯冠科技有限公司,电子信息,市科技局
firm115,神龙大道9,名幸电子（武汉)有限公司,电子信息,市科技局
firm116,武汉经济技术开发区４０ＭＤ地块,美的集团武汉制冷设备有限公司,消费品及其它,市科技局
firm117,金银湖路11号,中交第二航务工程局有限公司,建设施工,市建委
firm118,"鹦鹉大道484号	",武汉健民药业集团股份有限公司,生物医药,市环保局
firm119,武汉武昌南湖周家湾100号,武汉马应龙集团股份有限公司,生物医药,市环保局
firm120,杜家井1,中石化80万吨乙烯项目,石油化工,市环保局
firm121,"武汉市江夏区G107	",武汉顺乐不锈钢有限公司,Unknown,Unknown
firm122,"汽渡路196号	",武汉中东化工股份有限公司,Unknown,Unknown
firm123,武昌区石洞街,武汉长虹机械厂,Unknown,Unknown
firm124,徐东大街231-233,华中电网有限公司,能源及环保,市经委
firm125,"创业路附近	",武汉唯冠科技有限公司,电子信息,市科技局
firm126,神龙大道9,名幸电子（武汉)有限公司,电子信息,市科技局
firm127,武汉经济技术开发区４０ＭＤ地块,美的集团武汉制冷设备有限公司,消费品及其它,市科技局
firm128,金银湖路11号,中交第二航务工程局有限公司,建设施工,市建委
firm129,"鹦鹉大道484号	",武汉健民药业集团股份有限公司,生物医药,市环保局
firm130,武汉武昌南湖周家湾100号,武汉马应龙集团股份有限公司,生物医药,市环保局
firm131,杜家井1,中石化80万吨乙烯项目,石油化工,市环保局
firm132,"武汉市江夏区G107	",武汉顺乐不锈钢有限公司,Unknown,Unknown
firm133,"汽渡路196号	",武汉中东化工股份有限公司,Unknown,Unknown
firm134,武昌区石洞街,武汉长虹机械厂,Unknown,Unknown
firm135,徐东大街231-233,华中电网有限公司,能源及环保,市经委
firm136,"创业路附近	",武汉唯冠科技有限公司,电子信息,市科技局
firm137,神龙大道9,名幸电子（武汉)有限公司,电子信息,市科技局
firm138,武汉经济技术开发区４０ＭＤ地块,美的集团武汉制冷设备有限公司,消费品及其它,市科技局
firm139,金银湖路11号,中交第二航务工程局有限公司,建设施工,市建委
firm140,"鹦鹉大道484号	",武汉健民药业集团股份有限公司,生物医药,市环保局
firm141,武汉武昌南湖周家湾100号,武汉马应龙集团股份有限公司,生物医药,市环保局
firm142,杜家井1,中石化80万吨乙烯项目,石油化工,市环保局
firm143,"武汉市江夏区G107	",武汉顺乐不锈钢有限公司,Unknown,Unknown
firm144,"汽渡路196号	",武汉中东化工股份有限公司,Unknown,Unknown
firm145,武昌区石洞街,武汉长虹机械厂,Unknown,Unknown
firm146,徐东大街231-233,华中电网有限公司,能源及环保,市经委
firm147,"创业路附近	",武汉唯冠科技有限公司,电子信息,市科技局
firm148,神龙大道9,名幸电子（武汉)有限公司,电子信息,市科技局
firm149,武汉经济技术开发区４０ＭＤ地块,美的集团武汉制冷设备有限公司,消费品及其它,市科技局
firm150,金银湖路11号,中交第二航务工程局有限公司,建设施工,市建委
firm151,"鹦鹉大道484号	",武汉健民药业集团股份有限公司,生物医药,市环保局
firm152,武汉武昌南湖周家湾100号,武汉马应龙集团股份有限公司,生物医药,市环保局
firm153,杜家井1,中石化80万吨乙烯项目,石油化工,市环保局
firm154,"武汉市江夏区G107	",武汉顺乐不锈钢有限公司,Unknown,Unknown
firm155,"汽渡路196号	",武汉中东化工股份有限公司,Unknown,Unknown
firm156,武昌区石洞街,武汉长虹机械厂,Unknown,Unknown
firm157,徐东大街231-233,华中电网有限公司,能源及环保,市经委
firm158,"创业路附近	",武汉唯冠科技有限公司,电子信息,市科技局
firm159,神龙大道9,名幸电子（武汉)有限公司,电子信息,市科技局
firm160,武汉经济技术开发区４０ＭＤ地块,美的集团武汉制冷设备有限公司,消费品及其它,市科技局
firm161,金银湖路11号,中交第二航务工程局有限公司,建设施工,市建委
firm162,"鹦鹉大道484号	",武汉健民药业集团股份有限公司,生物医药,市环保局
firm163,武汉武昌南湖周家湾100号,武汉马应龙集团股份有限公司,生物医药,市环保局
firm164,杜家井1,中石化80万吨乙烯项目,石油化工,市环保局
firm165,"武汉市江夏区G107	",武汉顺乐不锈钢有限公司,Unknown,Unknown
firm166,"汽渡路196号	",武汉中东化工股份有限公司,Unknown,Unknown
firm167,武昌区石洞街,武汉长虹机械厂,Unknown,Unknown
firm168,徐东大街231-233,华中电网有限公司,能源及环保,市经委
firm169,"创业路附近	",武汉唯冠科技有限公司,电子信息,市科技局
firm170,神龙大道9,名幸电子（武汉)有限公司,电子信息,市科技局
firm171,武汉经济技术开发区４０ＭＤ地块,美的集团武汉制冷设备有限公司,消费品及其它,市科技局
firm172,金银湖路11号,中交第二航务工程局有限公司,建设施工,市建委
firm173,"鹦鹉大道484号	",武汉健民药业集团股份有限公司,生物医药,市环保局
firm174,武汉武昌南湖周家湾100号,武汉马应龙集团股份有限公司,生物医药,市环保局
firm175,杜家井1,中石化80万吨乙烯项目,石油化工,市环保局
firm176,"武汉市江夏区G107	",武汉顺乐不锈钢有限公司,Unknown,Unknown
firm177,"汽渡路196号	",武汉中东化工股份有限公司,Unknown,Unknown
firm178,武昌区石洞街,武汉长虹机械厂,Unknown,Unknown
firm179,徐东大街231-233,华中电网有限公司,能源及环保,市经委
firm180,"创业路附近	",武汉唯冠科技有限公司,电子信息,市科技局
firm181,神龙大道9,名幸电子（武汉)有限公司,电子信息,市科技局
firm182,武汉经济技术开发区４０ＭＤ地块,美的集团武汉制冷设备有限公司,消费品及其它,市科技局
firm183,金银湖路11号,中交第二航务工程局有限公司,建设施工,市建委
firm184,"鹦鹉大道484号	",武汉健民药业集团股份有限公司,生物医药,市环保局
firm185,武汉武昌南湖周家湾100号,武汉马应龙集团股份有限公司,生物医药,市环保局
firm186,杜家井1,中石化80万吨乙烯项目,石油化工,市环保局
firm187,"武汉市江夏区G107	",武汉顺乐不锈钢有限公司,Unknown,Unknown
firm188,"汽渡路196号	",武汉中东化工股份有限公司,Unknown,Unknown
firm189,武昌区石洞街,武汉长虹机械厂,Unknown,Unknown
firm190,"鹦鹉大道484号	",武汉健民药业集团股份有限公司,生物医药,市环保局
firm191,武汉武昌南湖周家湾100号,武汉马应龙集团股份有限公司,生物医药,市环保局
firm192,杜家井1,中石化80万吨乙烯项目,石油化工,市环保局
firm193,"武汉市江夏区G107	",武汉顺乐不锈钢有限公司,Unknown,Unknown
firm194,"汽渡路196号	",武汉中东化工股份有限公司,Unknown,Unknown
firm195,武昌区石洞街,武汉长虹机械厂,Unknown,Unknown
firm196,徐东大街231-233,华中电网有限公司,能源及环保,市经委
firm197,"创业路附近	",武汉唯冠科技有限公司,电子信息,市科技局
firm198,神龙大道9,名幸电子（武汉)有限公司,电子信息,市科技局
firm199,武汉经济技术开发区４０ＭＤ地块,美的集团武汉制冷设备有限公司,消费品及其它,市科技局
firm200,金银湖路11号,中交第二航务工程局有限公司,建设施工,市建委
firm201,"鹦鹉大道484号	",武汉健民药业集团股份有限公司,生物医药,市环保局
firm202,武汉武昌南湖周家湾100号,武汉马应龙集团股份有限公司,生物医药,市环保局
firm203,杜家井1,中石化80万吨乙烯项目,石油化工,市环保局
firm204,"武汉市江夏区G107	",武汉顺乐不锈钢有限公司,Unknown,Unknown
firm205,"汽渡路196号	",武汉中东化工股份有限公司,Unknown,Unknown
firm206,武昌区石洞街,武汉长虹机械厂,Unknown,Unknown
firm207,徐东大街231-233,华中电网有限公司,能源及环保,市经委
firm208,"创业路附近	",武汉唯冠科技有限公司,电子信息,市科技局
firm209,神龙大道9,名幸电子（武汉)有限公司,电子信息,市科技局
firm210,武汉经济技术开发区４０ＭＤ地块,美的集团武汉制冷设备有限公司,消费品及其它,市科技局
firm211,金银湖路11号,中交第二航务工程局有限公司,建设施工,市建委
firm212,"鹦鹉大道484号	",武汉健民药业集团股份有限公司,生物医药,市环保局
firm213,武汉武昌南湖周家湾100号,武汉马应龙集团股份有限公司,生物医药,市环保局
firm214,杜家井1,中石化80万吨乙烯项目,石油化工,市环保局
firm215,"武汉市江夏区G107	",武汉顺乐不锈钢有限公司,Unknown,Unknown
firm216,"汽渡路196号	",武汉中东化工股份有限公司,Unknown,Unknown
firm217,武昌区石洞街,武汉长虹机械厂,Unknown,Unknown
firm218,徐东大街231-233,华中电网有限公司,能源及环保,市经委
firm219,"创业路附近	",武汉唯冠科技有限公司,电子信息,市科技局
firm220,神龙大道9,名幸电子（武汉)有限公司,电子信息,市科技局
firm221,武汉经济技术开发区４０ＭＤ地块,美的集团武汉制冷设备有限公司,消费品及其它,市科技局
firm222,金银湖路11号,中交第二航务工程局有限公司,建设施工,市建委
firm223,"鹦鹉大道484号	",武汉健民药业集团股份有限公司,生物医药,市环保局
firm224,武汉武昌南湖周家湾100号,武汉马应龙集团股份有限公司,生物医药,市环保局
firm225,杜家井1,中石化80万吨乙烯项目,石油化工,市环保局
firm226,"武汉市江夏区G107	",武汉顺乐不锈钢有限公司,Unknown,Unknown
firm227,"汽渡路196号	",武汉中东化工股份有限公司,Unknown,Unknown
firm228,武昌区石洞街,武汉长虹机械厂,Unknown,Unknown
firm229,徐东大街231-233,华中电网有限公司,能源及环保,市经委
firm230,"创业路附近	",武汉唯冠科技有限公司,电子信息,市科技局
firm231,"武汉市经济技术开发区神龙大道165号	",神龙汽车有限公司,汽车及零部件,政府办公厅、市经委
firm232,"武汉市洪山区光谷大道9号	",长飞光纤光缆有限公司,电子信息,政府办公厅、市经委
firm233,"武汉市经济技术开发区神龙大道165号	",神龙汽车有限公司,汽车及零部件,政府办公厅、市经委
firm234,"武汉市洪山区光谷大道9号	",长飞光纤光缆有限公司,电子信息,政府办公厅、市经委
firm235,湖北省武汉市汉阳大道36号,中国中铁大桥局集团有限公司,建设施工,市建委
firm236,江夏区江夏区复江道体育馆西侧(熊廷弼路体育馆附近,武汉建工（集团）有限公司,建设施工,市建委
firm237,"湖北省武汉市硚口区沿河大道358号	",武汉市天然气有限公司,能源及环保,市建委
firm238,湖北省武汉市阳逻经济开发区,武汉华能发电有限责任公司,能源及环保,市环保局
firm239,"沌口路附近	",武桥重工集团股份有限公司,Unknown,Unknown
firm240,"中山路496号	",武汉市合中生化制造有限公司,Unknown,Unknown
firm241,"东湖新技术开发区大学园路33号	",中冶南方工程技术有限公司,Unknown,Unknown
firm242,湖北省武汉市汉阳大道36号,中国中铁大桥局集团有限公司,建设施工,市建委
firm243,江夏区江夏区复江道体育馆西侧(熊廷弼路体育馆附近,武汉建工（集团）有限公司,建设施工,市建委
firm244,"湖北省武汉市硚口区沿河大道358号	",武汉市天然气有限公司,能源及环保,市建委
firm245,湖北省武汉市阳逻经济开发区,武汉华能发电有限责任公司,能源及环保,市环保局
firm246,"沌口路附近	",武桥重工集团股份有限公司,Unknown,Unknown
firm247,"中山路496号	",武汉市合中生化制造有限公司,Unknown,Unknown
firm248,"东湖新技术开发区大学园路33号	",中冶南方工程技术有限公司,Unknown,Unknown
firm249,湖北省武汉市汉阳大道36号,中国中铁大桥局集团有限公司,建设施工,市建委
firm250,江夏区江夏区复江道体育馆西侧(熊廷弼路体育馆附近,武汉建工（集团）有限公司,建设施工,市建委
firm251,"湖北省武汉市硚口区沿河大道358号	",武汉市天然气有限公司,能源及环保,市建委
firm252,湖北省武汉市阳逻经济开发区,武汉华能发电有限责任公司,能源及环保,市环保局
firm253,"沌口路附近	",武桥重工集团股份有限公司,Unknown,Unknown
firm254,"中山路496号	",武汉市合中生化制造有限公司,Unknown,Unknown
firm255,"东湖新技术开发区大学园路33号	",中冶南方工程技术有限公司,Unknown,Unknown
firm256,湖北省武汉市汉阳大道36号,中国中铁大桥局集团有限公司,建设施工,市建委
firm257,江夏区江夏区复江道体育馆西侧(熊廷弼路体育馆附近,武汉建工（集团）有限公司,建设施工,市建委
firm258,"湖北省武汉市硚口区沿河大道358号	",武汉市天然气有限公司,能源及环保,市建委
firm259,湖北省武汉市阳逻经济开发区,武汉华能发电有限责任公司,能源及环保,市环保局
firm260,"沌口路附近	",武桥重工集团股份有限公司,Unknown,Unknown
firm261,"中山路496号	",武汉市合中生化制造有限公司,Unknown,Unknown
firm262,"东湖新技术开发区大学园路33号	",中冶南方工程技术有限公司,Unknown,Unknown
firm263,湖北省武汉市汉阳大道36号,中国中铁大桥局集团有限公司,建设施工,市建委
firm264,江夏区江夏区复江道体育馆西侧(熊廷弼路体育馆附近,武汉建工（集团）有限公司,建设施工,市建委
firm265,"湖北省武汉市硚口区沿河大道358号	",武汉市天然气有限公司,能源及环保,市建委
firm266,湖北省武汉市阳逻经济开发区,武汉华能发电有限责任公司,能源及环保,市环保局
firm267,"沌口路附近	",武桥重工集团股份有限公司,Unknown,Unknown
firm268,"中山路496号	",武汉市合中生化制造有限公司,Unknown,Unknown
firm269,"湖北省武汉市硚口区沿河大道358号	",武汉市天然气有限公司,能源及环保,市建委
firm270,湖北省武汉市阳逻经济开发区,武汉华能发电有限责任公司,能源及环保,市环保局
firm271,"沌口路附近	",武桥重工集团股份有限公司,Unknown,Unknown
firm272,"中山路496号	",武汉市合中生化制造有限公司,Unknown,Unknown
firm273,"东湖新技术开发区大学园路33号	",中冶南方工程技术有限公司,Unknown,Unknown
firm274,湖北省武汉市汉阳大道36号,中国中铁大桥局集团有限公司,建设施工,市建委
firm275,江夏区江夏区复江道体育馆西侧(熊廷弼路体育馆附近,武汉建工（集团）有限公司,建设施工,市建委
firm276,"湖北省武汉市硚口区沿河大道358号	",武汉市天然气有限公司,能源及环保,市建委
firm277,湖北省武汉市阳逻经济开发区,武汉华能发电有限责任公司,能源及环保,市环保局
firm278,"沌口路附近	",武桥重工集团股份有限公司,Unknown,Unknown
firm279,"中山路496号	",武汉市合中生化制造有限公司,Unknown,Unknown
firm280,"东湖新技术开发区大学园路33号	",中冶南方工程技术有限公司,Unknown,Unknown
firm281,湖北省武汉市汉阳大道36号,中国中铁大桥局集团有限公司,建设施工,市建委
firm282,江夏区江夏区复江道体育馆西侧(熊廷弼路体育馆附近,武汉建工（集团）有限公司,建设施工,市建委
firm283,"湖北省武汉市硚口区沿河大道358号	",武汉市天然气有限公司,能源及环保,市建委
firm284,湖北省武汉市阳逻经济开发区,武汉华能发电有限责任公司,能源及环保,市环保局
firm285,"沌口路附近	",武桥重工集团股份有限公司,Unknown,Unknown
firm286,"中山路496号	",武汉市合中生化制造有限公司,Unknown,Unknown
firm287,"东湖新技术开发区大学园路33号	",中冶南方工程技术有限公司,Unknown,Unknown
firm288,湖北省武汉市汉阳大道36号,中国中铁大桥局集团有限公司,建设施工,市建委
firm289,江夏区江夏区复江道体育馆西侧(熊廷弼路体育馆附近,武汉建工（集团）有限公司,建设施工,市建委
firm290,"湖北省武汉市硚口区沿河大道358号	",武汉市天然气有限公司,能源及环保,市建委
firm291,湖北省武汉市阳逻经济开发区,武汉华能发电有限责任公司,能源及环保,市环保局
firm292,"沌口路附近	",武桥重工集团股份有限公司,Unknown,Unknown
firm293,"中山路496号	",武汉市合中生化制造有限公司,Unknown,Unknown
firm294,"东湖新技术开发区大学园路33号	",中冶南方工程技术有限公司,Unknown,Unknown
firm295,湖北省武汉市汉阳大道36号,中国中铁大桥局集团有限公司,建设施工,市建委
firm296,江夏区江夏区复江道体育馆西侧(熊廷弼路体育馆附近,武汉建工（集团）有限公司,建设施工,市建委
firm297,"湖北省武汉市硚口区沿河大道358号	",武汉市天然气有限公司,能源及环保,市建委
firm298,湖北省武汉市阳逻经济开发区,武汉华能发电有限责任公司,能源及环保,市环保局
firm299,"沌口路附近	",武桥重工集团股份有限公司,Unknown,Unknown
firm300,"中山路496号	",武汉市合中生化制造有限公司,Unknown,Unknown
firm301,"东湖新技术开发区大学园路33号	",中冶南方工程技术有限公司,Unknown,Unknown
firm302,"东湖新技术开发区大学园路33号	",中冶南方工程技术有限公司,Unknown,Unknown
firm303,湖北省武汉市汉阳大道36号,中国中铁大桥局集团有限公司,建设施工,市建委
firm304,江夏区江夏区复江道体育馆西侧(熊廷弼路体育馆附近,武汉建工（集团）有限公司,建设施工,市建委
firm305,"湖北省武汉市硚口区沿河大道358号	",武汉市天然气有限公司,能源及环保,市建委
firm306,湖北省武汉市阳逻经济开发区,武汉华能发电有限责任公司,能源及环保,市环保局
firm307,"沌口路附近	",武桥重工集团股份有限公司,Unknown,Unknown
firm308,"中山路496号	",武汉市合中生化制造有限公司,Unknown,Unknown
firm309,"东湖新技术开发区大学园路33号	",中冶南方工程技术有限公司,Unknown,Unknown
firm310,湖北省武汉市汉阳大道36号,中国中铁大桥局集团有限公司,建设施工,市建委
firm311,江夏区江夏区复江道体育馆西侧(熊廷弼路体育馆附近,武汉建工（集团）有限公司,建设施工,市建委
firm312,"湖北省武汉市硚口区沿河大道358号	",武汉市天然气有限公司,能源及环保,市建委
firm313,湖北省武汉市阳逻经济开发区,武汉华能发电有限责任公司,能源及环保,市环保局
firm314,"沌口路附近	",武桥重工集团股份有限公司,Unknown,Unknown
firm315,"中山路496号	",武汉市合中生化制造有限公司,Unknown,Unknown
firm316,"东湖新技术开发区大学园路33号	",中冶南方工程技术有限公司,Unknown,Unknown
firm317,湖北省武汉市汉阳大道36号,中国中铁大桥局集团有限公司,建设施工,市建委
firm318,江夏区江夏区复江道体育馆西侧(熊廷弼路体育馆附近,武汉建工（集团）有限公司,建设施工,市建委
firm319,"湖北省武汉市硚口区沿河大道358号	",武汉市天然气有限公司,能源及环保,市建委
firm320,湖北省武汉市阳逻经济开发区,武汉华能发电有限责任公司,能源及环保,市环保局
firm321,"沌口路附近	",武桥重工集团股份有限公司,Unknown,Unknown
firm322,"中山路496号	",武汉市合中生化制造有限公司,Unknown,Unknown
firm323,"东湖新技术开发区大学园路33号	",中冶南方工程技术有限公司,Unknown,Unknown
firm324,湖北省武汉市汉阳大道36号,中国中铁大桥局集团有限公司,建设施工,市建委
firm325,江夏区江夏区复江道体育馆西侧(熊廷弼路体育馆附近,武汉建工（集团）有限公司,建设施工,市建委
firm326,"湖北省武汉市硚口区沿河大道358号	",武汉市天然气有限公司,能源及环保,市建委
firm327,湖北省武汉市阳逻经济开发区,武汉华能发电有限责任公司,能源及环保,市环保局
firm328,"沌口路附近	",武桥重工集团股份有限公司,Unknown,Unknown
firm329,"中山路496号	",武汉市合中生化制造有限公司,Unknown,Unknown
firm330,"东湖新技术开发区大学园路33号	",中冶南方工程技术有限公司,Unknown,Unknown
firm331,湖北省武汉市汉阳大道36号,中国中铁大桥局集团有限公司,建设施工,市建委
firm332,江夏区江夏区复江道体育馆西侧(熊廷弼路体育馆附近,武汉建工（集团）有限公司,建设施工,市建委
firm333,"湖北省武汉市硚口区沿河大道358号	",武汉市天然气有限公司,能源及环保,市建委
firm334,湖北省武汉市阳逻经济开发区,武汉华能发电有限责任公司,能源及环保,市环保局
firm335,"沌口路附近	",武桥重工集团股份有限公司,Unknown,Unknown
firm336,"中山路496号	",武汉市合中生化制造有限公司,Unknown,Unknown
firm337,"东湖新技术开发区大学园路33号	",中冶南方工程技术有限公司,Unknown,Unknown
firm338,湖北省武汉市汉阳大道36号,中国中铁大桥局集团有限公司,建设施工,市建委
firm339,江夏区江夏区复江道体育馆西侧(熊廷弼路体育馆附近,武汉建工（集团）有限公司,建设施工,市建委
firm340,沌口经济技术开发区东风大道特1号,东风汽车公司,汽车及零部件,政府办公厅、市经委
firm341,沌口经济技术开发区东风大道特1号,东风汽车公司,汽车及零部件,政府办公厅、市经委
firm342,东湖新技术开发区民族大道玉龙岛花园语林山庄内,武汉凯迪控股投资有限公司,能源及环保,市发改委
firm343,武汉市经济技术开发区沌口街,武汉晨鸣汉阳纸业股份有限公司,消费品及其它,市科技局
firm344,常青路296号,武汉统一企业食品有限公司,食品烟草,市农业局
firm345,武汉市金北一路,华润雪花啤酒（武汉）有限公司,食品烟草,市农业局
firm346,"田园路999号	",中国石化集团武汉石油化工厂,石油化工,市环保局
firm347,"古田工农路10号	",武汉有机实业股份有限公司,石油化工,市环保局
firm348,湖北省武汉市洪山区鲁磨路369号,武汉人福高科技企业股份有限公司,Unknown,Unknown
firm349,"珠山湖大道63号	",武汉顶益食品有限公司,Unknown,Unknown
firm350,武汉市新洲汉施公路,武汉一冶钢结构有限公司,Unknown,Unknown
firm351,武汉市汉口解放大道634号新世界中心写字楼B座24/25楼,武汉猫人服饰股份有限公司,Unknown,Unknown
firm352,东湖新技术开发区民族大道玉龙岛花园语林山庄内,武汉凯迪控股投资有限公司,能源及环保,市发改委
firm353,武汉市经济技术开发区沌口街,武汉晨鸣汉阳纸业股份有限公司,消费品及其它,市科技局
firm354,常青路296号,武汉统一企业食品有限公司,食品烟草,市农业局
firm355,武汉市金北一路,华润雪花啤酒（武汉）有限公司,食品烟草,市农业局
firm356,"田园路999号	",中国石化集团武汉石油化工厂,石油化工,市环保局
firm357,"古田工农路10号	",武汉有机实业股份有限公司,石油化工,市环保局
firm358,湖北省武汉市洪山区鲁磨路369号,武汉人福高科技企业股份有限公司,Unknown,Unknown
firm359,"珠山湖大道63号	",武汉顶益食品有限公司,Unknown,Unknown
firm360,武汉市新洲汉施公路,武汉一冶钢结构有限公司,Unknown,Unknown
firm361,武汉市汉口解放大道634号新世界中心写字楼B座24/25楼,武汉猫人服饰股份有限公司,Unknown,Unknown
firm362,东湖新技术开发区民族大道玉龙岛花园语林山庄内,武汉凯迪控股投资有限公司,能源及环保,市发改委
firm363,武汉市经济技术开发区沌口街,武汉晨鸣汉阳纸业股份有限公司,消费品及其它,市科技局
firm364,常青路296号,武汉统一企业食品有限公司,食品烟草,市农业局
firm365,武汉市金北一路,华润雪花啤酒（武汉）有限公司,食品烟草,市农业局
firm366,"田园路999号	",中国石化集团武汉石油化工厂,石油化工,市环保局
firm367,"古田工农路10号	",武汉有机实业股份有限公司,石油化工,市环保局
firm368,湖北省武汉市洪山区鲁磨路369号,武汉人福高科技企业股份有限公司,Unknown,Unknown
firm369,"珠山湖大道63号	",武汉顶益食品有限公司,Unknown,Unknown
firm370,武汉市新洲汉施公路,武汉一冶钢结构有限公司,Unknown,Unknown
firm371,武汉市汉口解放大道634号新世界中心写字楼B座24/25楼,武汉猫人服饰股份有限公司,Unknown,Unknown
firm372,东湖新技术开发区民族大道玉龙岛花园语林山庄内,武汉凯迪控股投资有限公司,能源及环保,市发改委
firm373,武汉市经济技术开发区沌口街,武汉晨鸣汉阳纸业股份有限公司,消费品及其它,市科技局
firm374,常青路296号,武汉统一企业食品有限公司,食品烟草,市农业局
firm375,武汉市金北一路,华润雪花啤酒（武汉）有限公司,食品烟草,市农业局
firm376,"田园路999号	",中国石化集团武汉石油化工厂,石油化工,市环保局
firm377,"古田工农路10号	",武汉有机实业股份有限公司,石油化工,市环保局
firm378,"田园路999号	",中国石化集团武汉石油化工厂,石油化工,市环保局
firm379,"古田工农路10号	",武汉有机实业股份有限公司,石油化工,市环保局
firm380,湖北省武汉市洪山区鲁磨路369号,武汉人福高科技企业股份有限公司,Unknown,Unknown
firm381,"珠山湖大道63号	",武汉顶益食品有限公司,Unknown,Unknown
firm382,武汉市新洲汉施公路,武汉一冶钢结构有限公司,Unknown,Unknown
firm383,武汉市汉口解放大道634号新世界中心写字楼B座24/25楼,武汉猫人服饰股份有限公司,Unknown,Unknown
firm384,东湖新技术开发区民族大道玉龙岛花园语林山庄内,武汉凯迪控股投资有限公司,能源及环保,市发改委
firm385,武汉市经济技术开发区沌口街,武汉晨鸣汉阳纸业股份有限公司,消费品及其它,市科技局
firm386,常青路296号,武汉统一企业食品有限公司,食品烟草,市农业局
firm387,武汉市金北一路,华润雪花啤酒（武汉）有限公司,食品烟草,市农业局
firm388,"田园路999号	",中国石化集团武汉石油化工厂,石油化工,市环保局
firm389,"古田工农路10号	",武汉有机实业股份有限公司,石油化工,市环保局
firm390,湖北省武汉市洪山区鲁磨路369号,武汉人福高科技企业股份有限公司,Unknown,Unknown
firm391,"珠山湖大道63号	",武汉顶益食品有限公司,Unknown,Unknown
firm392,武汉市新洲汉施公路,武汉一冶钢结构有限公司,Unknown,Unknown
firm393,武汉市汉口解放大道634号新世界中心写字楼B座24/25楼,武汉猫人服饰股份有限公司,Unknown,Unknown
firm394,东湖新技术开发区民族大道玉龙岛花园语林山庄内,武汉凯迪控股投资有限公司,能源及环保,市发改委
firm395,武汉市经济技术开发区沌口街,武汉晨鸣汉阳纸业股份有限公司,消费品及其它,市科技局
firm396,常青路296号,武汉统一企业食品有限公司,食品烟草,市农业局
firm397,武汉市金北一路,华润雪花啤酒（武汉）有限公司,食品烟草,市农业局
firm398,"田园路999号	",中国石化集团武汉石油化工厂,石油化工,市环保局
firm399,"古田工农路10号	",武汉有机实业股份有限公司,石油化工,市环保局
firm400,湖北省武汉市洪山区鲁磨路369号,武汉人福高科技企业股份有限公司,Unknown,Unknown
firm401,"珠山湖大道63号	",武汉顶益食品有限公司,Unknown,Unknown
firm402,武汉市新洲汉施公路,武汉一冶钢结构有限公司,Unknown,Unknown
firm403,武汉市汉口解放大道634号新世界中心写字楼B座24/25楼,武汉猫人服饰股份有限公司,Unknown,Unknown
firm404,东湖新技术开发区民族大道玉龙岛花园语林山庄内,武汉凯迪控股投资有限公司,能源及环保,市发改委
firm405,武汉市经济技术开发区沌口街,武汉晨鸣汉阳纸业股份有限公司,消费品及其它,市科技局
firm406,常青路296号,武汉统一企业食品有限公司,食品烟草,市农业局
firm407,武汉市金北一路,华润雪花啤酒（武汉）有限公司,食品烟草,市农业局
firm408,"田园路999号	",中国石化集团武汉石油化工厂,石油化工,市环保局
firm409,"古田工农路10号	",武汉有机实业股份有限公司,石油化工,市环保局
firm410,湖北省武汉市洪山区鲁磨路369号,武汉人福高科技企业股份有限公司,Unknown,Unknown
firm411,"珠山湖大道63号	",武汉顶益食品有限公司,Unknown,Unknown
firm412,武汉市新洲汉施公路,武汉一冶钢结构有限公司,Unknown,Unknown
firm413,武汉市汉口解放大道634号新世界中心写字楼B座24/25楼,武汉猫人服饰股份有限公司,Unknown,Unknown
firm414,东湖新技术开发区民族大道玉龙岛花园语林山庄内,武汉凯迪控股投资有限公司,能源及环保,市发改委
firm415,武汉市经济技术开发区沌口街,武汉晨鸣汉阳纸业股份有限公司,消费品及其它,市科技局
firm416,常青路296号,武汉统一企业食品有限公司,食品烟草,市农业局
firm417,武汉市金北一路,华润雪花啤酒（武汉）有限公司,食品烟草,市农业局
firm418,"田园路999号	",中国石化集团武汉石油化工厂,石油化工,市环保局
firm419,"古田工农路10号	",武汉有机实业股份有限公司,石油化工,市环保局
firm420,湖北省武汉市洪山区鲁磨路369号,武汉人福高科技企业股份有限公司,Unknown,Unknown
firm421,"珠山湖大道63号	",武汉顶益食品有限公司,Unknown,Unknown
firm422,武汉市新洲汉施公路,武汉一冶钢结构有限公司,Unknown,Unknown
firm423,武汉市汉口解放大道634号新世界中心写字楼B座24/25楼,武汉猫人服饰股份有限公司,Unknown,Unknown
firm424,东湖新技术开发区民族大道玉龙岛花园语林山庄内,武汉凯迪控股投资有限公司,能源及环保,市发改委
firm425,武汉市经济技术开发区沌口街,武汉晨鸣汉阳纸业股份有限公司,消费品及其它,市科技局
firm426,常青路296号,武汉统一企业食品有限公司,食品烟草,市农业局
firm427,武汉市金北一路,华润雪花啤酒（武汉）有限公司,食品烟草,市农业局
firm428,"田园路999号	",中国石化集团武汉石油化工厂,石油化工,市环保局
firm429,"古田工农路10号	",武汉有机实业股份有限公司,石油化工,市环保局
firm430,湖北省武汉市洪山区鲁磨路369号,武汉人福高科技企业股份有限公司,Unknown,Unknown
firm431,"珠山湖大道63号	",武汉顶益食品有限公司,Unknown,Unknown
firm432,武汉市新洲汉施公路,武汉一冶钢结构有限公司,Unknown,Unknown
firm433,武汉市汉口解放大道634号新世界中心写字楼B座24/25楼,武汉猫人服饰股份有限公司,Unknown,Unknown
firm434,东湖新技术开发区民族大道玉龙岛花园语林山庄内,武汉凯迪控股投资有限公司,能源及环保,市发改委
firm435,武汉市经济技术开发区沌口街,武汉晨鸣汉阳纸业股份有限公司,消费品及其它,市科技局
firm436,常青路296号,武汉统一企业食品有限公司,食品烟草,市农业局
firm437,武汉市金北一路,华润雪花啤酒（武汉）有限公司,食品烟草,市农业局
firm438,"田园路999号	",中国石化集团武汉石油化工厂,石油化工,市环保局
firm439,"古田工农路10号	",武汉有机实业股份有限公司,石油化工,市环保局
firm440,湖北省武汉市洪山区鲁磨路369号,武汉人福高科技企业股份有限公司,Unknown,Unknown
firm441,"珠山湖大道63号	",武汉顶益食品有限公司,Unknown,Unknown
firm442,武汉市新洲汉施公路,武汉一冶钢结构有限公司,Unknown,Unknown
firm443,武汉市汉口解放大道634号新世界中心写字楼B座24/25楼,武汉猫人服饰股份有限公司,Unknown,Unknown
firm444,东湖新技术开发区民族大道玉龙岛花园语林山庄内,武汉凯迪控股投资有限公司,能源及环保,市发改委
firm445,武汉市经济技术开发区沌口街,武汉晨鸣汉阳纸业股份有限公司,消费品及其它,市科技局
firm446,常青路296号,武汉统一企业食品有限公司,食品烟草,市农业局
firm447,武汉市金北一路,华润雪花啤酒（武汉）有限公司,食品烟草,市农业局
firm448,"田园路999号	",中国石化集团武汉石油化工厂,石油化工,市环保局
firm449,"古田工农路10号	",武汉有机实业股份有限公司,石油化工,市环保局
firm450,湖北省武汉市洪山区鲁磨路369号,武汉人福高科技企业股份有限公司,Unknown,Unknown
firm451,"珠山湖大道63号	",武汉顶益食品有限公司,Unknown,Unknown
firm452,武汉市新洲汉施公路,武汉一冶钢结构有限公司,Unknown,Unknown
firm453,武汉市汉口解放大道634号新世界中心写字楼B座24/25楼,武汉猫人服饰股份有限公司,Unknown,Unknown
firm454,湖北省武汉市洪山区鲁磨路369号,武汉人福高科技企业股份有限公司,Unknown,Unknown
firm455,"珠山湖大道63号	",武汉顶益食品有限公司,Unknown,Unknown
firm456,武汉市新洲汉施公路,武汉一冶钢结构有限公司,Unknown,Unknown
firm457,武汉市汉口解放大道634号新世界中心写字楼B座24/25楼,武汉猫人服饰股份有限公司,Unknown,Unknown
firm458,东湖新技术开发区民族大道玉龙岛花园语林山庄内,武汉凯迪控股投资有限公司,能源及环保,市发改委
firm459,武汉市经济技术开发区沌口街,武汉晨鸣汉阳纸业股份有限公司,消费品及其它,市科技局
firm460,常青路296号,武汉统一企业食品有限公司,食品烟草,市农业局
firm461,武汉市金北一路,华润雪花啤酒（武汉）有限公司,食品烟草,市农业局
firm462,"田园路999号	",中国石化集团武汉石油化工厂,石油化工,市环保局
firm463,"古田工农路10号	",武汉有机实业股份有限公司,石油化工,市环保局
firm464,湖北省武汉市洪山区鲁磨路369号,武汉人福高科技企业股份有限公司,Unknown,Unknown
firm465,"珠山湖大道63号	",武汉顶益食品有限公司,Unknown,Unknown
firm466,武汉市新洲汉施公路,武汉一冶钢结构有限公司,Unknown,Unknown
firm467,武汉市汉口解放大道634号新世界中心写字楼B座24/25楼,武汉猫人服饰股份有限公司,Unknown,Unknown
firm468,东湖新技术开发区民族大道玉龙岛花园语林山庄内,武汉凯迪控股投资有限公司,能源及环保,市发改委
firm469,武汉市经济技术开发区沌口街,武汉晨鸣汉阳纸业股份有限公司,消费品及其它,市科技局
firm470,常青路296号,武汉统一企业食品有限公司,食品烟草,市农业局
firm471,武汉市金北一路,华润雪花啤酒（武汉）有限公司,食品烟草,市农业局
firm472,"田园路999号	",中国石化集团武汉石油化工厂,石油化工,市环保局
firm473,"古田工农路10号	",武汉有机实业股份有限公司,石油化工,市环保局
firm474,湖北省武汉市洪山区鲁磨路369号,武汉人福高科技企业股份有限公司,Unknown,Unknown
firm475,"珠山湖大道63号	",武汉顶益食品有限公司,Unknown,Unknown
firm476,武汉市新洲汉施公路,武汉一冶钢结构有限公司,Unknown,Unknown
firm477,武汉市汉口解放大道634号新世界中心写字楼B座24/25楼,武汉猫人服饰股份有限公司,Unknown,Unknown
firm478,东湖新技术开发区民族大道玉龙岛花园语林山庄内,武汉凯迪控股投资有限公司,能源及环保,市发改委
firm479,武汉市经济技术开发区沌口街,武汉晨鸣汉阳纸业股份有限公司,消费品及其它,市科技局
firm480,常青路296号,武汉统一企业食品有限公司,食品烟草,市农业局
firm481,武汉市金北一路,华润雪花啤酒（武汉）有限公司,食品烟草,市农业局
firm482,"田园路999号	",中国石化集团武汉石油化工厂,石油化工,市环保局
firm483,"古田工农路10号	",武汉有机实业股份有限公司,石油化工,市环保局
firm484,湖北省武汉市洪山区鲁磨路369号,武汉人福高科技企业股份有限公司,Unknown,Unknown
firm485,"珠山湖大道63号	",武汉顶益食品有限公司,Unknown,Unknown
firm486,武汉市新洲汉施公路,武汉一冶钢结构有限公司,Unknown,Unknown
firm487,武汉市汉口解放大道634号新世界中心写字楼B座24/25楼,武汉猫人服饰股份有限公司,Unknown,Unknown
firm488,东湖新技术开发区民族大道玉龙岛花园语林山庄内,武汉凯迪控股投资有限公司,能源及环保,市发改委
firm489,武汉市经济技术开发区沌口街,武汉晨鸣汉阳纸业股份有限公司,消费品及其它,市科技局
firm490,常青路296号,武汉统一企业食品有限公司,食品烟草,市农业局
firm491,武汉市金北一路,华润雪花啤酒（武汉）有限公司,食品烟草,市农业局
firm492,高新四路18,武汉新芯集成电路制造有限公司,电子信息,市发改委
firm493,湖北省武汉市江夏区流芳园横路8号,武汉天马微电子有限公司,电子信息,市发改委
firm494,富五路,富士康（武汉）科技集团,电子信息,市发改委
firm495,湖北省武汉经济技术开发区沌口小区11号地,冠捷显示科技(武汉)有限公司,电子信息,市科技局
firm496,湖北武汉双汇食品有限公司附近,湖北武汉双汇食品有限公司,食品烟草,市农业局
firm497,湖北省武汉市江岸区金凰路1号,武汉金凰珠宝有限公司,消费品及其它,市商务局
firm498,"湖北省武汉市华中科技大学科技园华工园一路9号	",华工科技产业股份有限公司,电子信息,市财政局
firm499,"汉阳大道彭家岭368号(金色一路)	",武汉苏泊尔炊具有限公司,Unknown,Unknown
firm500,"江岸区黄浦大街258-260号	",武汉丝宝集团,Unknown,Unknown
firm501,"武汉市蔡甸区万家湖路	",湖北三环汉阳特种汽车制造公司,Unknown,Unknown
firm502,湖北省武汉市洪山区书城路26号武汉高德工业园,武汉高德红外技术有限公司,Unknown,Unknown
firm503,高新四路18,武汉新芯集成电路制造有限公司,电子信息,市发改委
firm504,湖北省武汉市江夏区流芳园横路8号,武汉天马微电子有限公司,电子信息,市发改委
firm505,富五路,富士康（武汉）科技集团,电子信息,市发改委
firm506,湖北省武汉经济技术开发区沌口小区11号地,冠捷显示科技(武汉)有限公司,电子信息,市科技局
firm507,湖北武汉双汇食品有限公司附近,湖北武汉双汇食品有限公司,食品烟草,市农业局
firm508,湖北省武汉市江岸区金凰路1号,武汉金凰珠宝有限公司,消费品及其它,市商务局
firm509,"湖北省武汉市华中科技大学科技园华工园一路9号	",华工科技产业股份有限公司,电子信息,市财政局
firm510,"汉阳大道彭家岭368号(金色一路)	",武汉苏泊尔炊具有限公司,Unknown,Unknown
firm511,"江岸区黄浦大街258-260号	",武汉丝宝集团,Unknown,Unknown
firm512,"武汉市蔡甸区万家湖路	",湖北三环汉阳特种汽车制造公司,Unknown,Unknown
firm513,湖北省武汉市洪山区书城路26号武汉高德工业园,武汉高德红外技术有限公司,Unknown,Unknown
firm514,高新四路18,武汉新芯集成电路制造有限公司,电子信息,市发改委
firm515,湖北省武汉市江夏区流芳园横路8号,武汉天马微电子有限公司,电子信息,市发改委
firm516,富五路,富士康（武汉）科技集团,电子信息,市发改委
firm517,湖北省武汉经济技术开发区沌口小区11号地,冠捷显示科技(武汉)有限公司,电子信息,市科技局
firm518,湖北武汉双汇食品有限公司附近,湖北武汉双汇食品有限公司,食品烟草,市农业局
firm519,湖北省武汉市江岸区金凰路1号,武汉金凰珠宝有限公司,消费品及其它,市商务局
firm520,"湖北省武汉市华中科技大学科技园华工园一路9号	",华工科技产业股份有限公司,电子信息,市财政局
firm521,"汉阳大道彭家岭368号(金色一路)	",武汉苏泊尔炊具有限公司,Unknown,Unknown
firm522,"江岸区黄浦大街258-260号	",武汉丝宝集团,Unknown,Unknown
firm523,"武汉市蔡甸区万家湖路	",湖北三环汉阳特种汽车制造公司,Unknown,Unknown
firm524,湖北省武汉市洪山区书城路26号武汉高德工业园,武汉高德红外技术有限公司,Unknown,Unknown
firm525,高新四路18,武汉新芯集成电路制造有限公司,电子信息,市发改委
firm526,湖北省武汉市江夏区流芳园横路8号,武汉天马微电子有限公司,电子信息,市发改委
firm527,富五路,富士康（武汉）科技集团,电子信息,市发改委
firm528,湖北省武汉经济技术开发区沌口小区11号地,冠捷显示科技(武汉)有限公司,电子信息,市科技局
firm529,湖北武汉双汇食品有限公司附近,湖北武汉双汇食品有限公司,食品烟草,市农业局
firm530,湖北省武汉市洪山区书城路26号武汉高德工业园,武汉高德红外技术有限公司,Unknown,Unknown
firm531,高新四路18,武汉新芯集成电路制造有限公司,电子信息,市发改委
firm532,湖北省武汉市江夏区流芳园横路8号,武汉天马微电子有限公司,电子信息,市发改委
firm533,富五路,富士康（武汉）科技集团,电子信息,市发改委
firm534,湖北省武汉经济技术开发区沌口小区11号地,冠捷显示科技(武汉)有限公司,电子信息,市科技局
firm535,湖北武汉双汇食品有限公司附近,湖北武汉双汇食品有限公司,食品烟草,市农业局
firm536,湖北省武汉市江岸区金凰路1号,武汉金凰珠宝有限公司,消费品及其它,市商务局
firm537,"湖北省武汉市华中科技大学科技园华工园一路9号	",华工科技产业股份有限公司,电子信息,市财政局
firm538,"汉阳大道彭家岭368号(金色一路)	",武汉苏泊尔炊具有限公司,Unknown,Unknown
firm539,"江岸区黄浦大街258-260号	",武汉丝宝集团,Unknown,Unknown
firm540,"武汉市蔡甸区万家湖路	",湖北三环汉阳特种汽车制造公司,Unknown,Unknown
firm541,湖北省武汉市洪山区书城路26号武汉高德工业园,武汉高德红外技术有限公司,Unknown,Unknown
firm542,高新四路18,武汉新芯集成电路制造有限公司,电子信息,市发改委
firm543,湖北省武汉市江夏区流芳园横路8号,武汉天马微电子有限公司,电子信息,市发改委
firm544,富五路,富士康（武汉）科技集团,电子信息,市发改委
firm545,湖北省武汉经济技术开发区沌口小区11号地,冠捷显示科技(武汉)有限公司,电子信息,市科技局
firm546,湖北武汉双汇食品有限公司附近,湖北武汉双汇食品有限公司,食品烟草,市农业局
firm547,湖北省武汉市江岸区金凰路1号,武汉金凰珠宝有限公司,消费品及其它,市商务局
firm548,"湖北省武汉市华中科技大学科技园华工园一路9号	",华工科技产业股份有限公司,电子信息,市财政局
firm549,"汉阳大道彭家岭368号(金色一路)	",武汉苏泊尔炊具有限公司,Unknown,Unknown
firm550,"江岸区黄浦大街258-260号	",武汉丝宝集团,Unknown,Unknown
firm551,"武汉市蔡甸区万家湖路	",湖北三环汉阳特种汽车制造公司,Unknown,Unknown
firm552,湖北省武汉市洪山区书城路26号武汉高德工业园,武汉高德红外技术有限公司,Unknown,Unknown
firm553,高新四路18,武汉新芯集成电路制造有限公司,电子信息,市发改委
firm554,湖北省武汉市江夏区流芳园横路8号,武汉天马微电子有限公司,电子信息,市发改委
firm555,富五路,富士康（武汉）科技集团,电子信息,市发改委
firm556,湖北省武汉经济技术开发区沌口小区11号地,冠捷显示科技(武汉)有限公司,电子信息,市科技局
firm557,湖北武汉双汇食品有限公司附近,湖北武汉双汇食品有限公司,食品烟草,市农业局
firm558,湖北省武汉市江岸区金凰路1号,武汉金凰珠宝有限公司,消费品及其它,市商务局
firm559,"湖北省武汉市华中科技大学科技园华工园一路9号	",华工科技产业股份有限公司,电子信息,市财政局
firm560,"汉阳大道彭家岭368号(金色一路)	",武汉苏泊尔炊具有限公司,Unknown,Unknown
firm561,"江岸区黄浦大街258-260号	",武汉丝宝集团,Unknown,Unknown
firm562,"武汉市蔡甸区万家湖路	",湖北三环汉阳特种汽车制造公司,Unknown,Unknown
firm563,湖北省武汉市洪山区书城路26号武汉高德工业园,武汉高德红外技术有限公司,Unknown,Unknown
firm564,高新四路18,武汉新芯集成电路制造有限公司,电子信息,市发改委
firm565,湖北省武汉市江夏区流芳园横路8号,武汉天马微电子有限公司,电子信息,市发改委
firm566,富五路,富士康（武汉）科技集团,电子信息,市发改委
firm567,湖北省武汉经济技术开发区沌口小区11号地,冠捷显示科技(武汉)有限公司,电子信息,市科技局
firm568,湖北武汉双汇食品有限公司附近,湖北武汉双汇食品有限公司,食品烟草,市农业局
firm569,湖北省武汉市江岸区金凰路1号,武汉金凰珠宝有限公司,消费品及其它,市商务局
firm570,"湖北省武汉市华中科技大学科技园华工园一路9号	",华工科技产业股份有限公司,电子信息,市财政局
firm571,"汉阳大道彭家岭368号(金色一路)	",武汉苏泊尔炊具有限公司,Unknown,Unknown
firm572,"江岸区黄浦大街258-260号	",武汉丝宝集团,Unknown,Unknown
firm573,"武汉市蔡甸区万家湖路	",湖北三环汉阳特种汽车制造公司,Unknown,Unknown
firm574,湖北省武汉市洪山区书城路26号武汉高德工业园,武汉高德红外技术有限公司,Unknown,Unknown
firm575,高新四路18,武汉新芯集成电路制造有限公司,电子信息,市发改委
firm576,湖北省武汉市江夏区流芳园横路8号,武汉天马微电子有限公司,电子信息,市发改委
firm577,富五路,富士康（武汉）科技集团,电子信息,市发改委
firm578,湖北省武汉经济技术开发区沌口小区11号地,冠捷显示科技(武汉)有限公司,电子信息,市科技局
firm579,湖北武汉双汇食品有限公司附近,湖北武汉双汇食品有限公司,食品烟草,市农业局
firm580,湖北省武汉市江岸区金凰路1号,武汉金凰珠宝有限公司,消费品及其它,市商务局
firm581,"湖北省武汉市华中科技大学科技园华工园一路9号	",华工科技产业股份有限公司,电子信息,市财政局
firm582,"汉阳大道彭家岭368号(金色一路)	",武汉苏泊尔炊具有限公司,Unknown,Unknown
firm583,"江岸区黄浦大街258-260号	",武汉丝宝集团,Unknown,Unknown
firm584,"武汉市蔡甸区万家湖路	",湖北三环汉阳特种汽车制造公司,Unknown,Unknown
firm585,湖北省武汉市洪山区书城路26号武汉高德工业园,武汉高德红外技术有限公司,Unknown,Unknown
firm586,高新四路18,武汉新芯集成电路制造有限公司,电子信息,市发改委
firm587,湖北省武汉市江夏区流芳园横路8号,武汉天马微电子有限公司,电子信息,市发改委
firm588,富五路,富士康（武汉）科技集团,电子信息,市发改委
firm589,湖北省武汉经济技术开发区沌口小区11号地,冠捷显示科技(武汉)有限公司,电子信息,市科技局
firm590,湖北武汉双汇食品有限公司附近,湖北武汉双汇食品有限公司,食品烟草,市农业局
firm591,湖北省武汉市江岸区金凰路1号,武汉金凰珠宝有限公司,消费品及其它,市商务局
firm592,"湖北省武汉市华中科技大学科技园华工园一路9号	",华工科技产业股份有限公司,电子信息,市财政局
firm593,"汉阳大道彭家岭368号(金色一路)	",武汉苏泊尔炊具有限公司,Unknown,Unknown
firm594,"江岸区黄浦大街258-260号	",武汉丝宝集团,Unknown,Unknown
firm595,"武汉市蔡甸区万家湖路	",湖北三环汉阳特种汽车制造公司,Unknown,Unknown
firm596,湖北省武汉市洪山区书城路26号武汉高德工业园,武汉高德红外技术有限公司,Unknown,Unknown
firm597,高新四路18,武汉新芯集成电路制造有限公司,电子信息,市发改委
firm598,湖北省武汉市江夏区流芳园横路8号,武汉天马微电子有限公司,电子信息,市发改委
firm599,富五路,富士康（武汉）科技集团,电子信息,市发改委
firm600,湖北省武汉经济技术开发区沌口小区11号地,冠捷显示科技(武汉)有限公司,电子信息,市科技局
firm601,湖北武汉双汇食品有限公司附近,湖北武汉双汇食品有限公司,食品烟草,市农业局
firm602,湖北省武汉市江岸区金凰路1号,武汉金凰珠宝有限公司,消费品及其它,市商务局
firm603,"湖北省武汉市华中科技大学科技园华工园一路9号	",华工科技产业股份有限公司,电子信息,市财政局
firm604,"汉阳大道彭家岭368号(金色一路)	",武汉苏泊尔炊具有限公司,Unknown,Unknown
firm605,"江岸区黄浦大街258-260号	",武汉丝宝集团,Unknown,Unknown
firm606,"武汉市蔡甸区万家湖路	",湖北三环汉阳特种汽车制造公司,Unknown,Unknown
firm607,湖北省武汉市洪山区书城路26号武汉高德工业园,武汉高德红外技术有限公司,Unknown,Unknown
firm608,高新四路18,武汉新芯集成电路制造有限公司,电子信息,市发改委
firm609,湖北省武汉市江夏区流芳园横路8号,武汉天马微电子有限公司,电子信息,市发改委
firm610,富五路,富士康（武汉）科技集团,电子信息,市发改委
firm611,湖北省武汉经济技术开发区沌口小区11号地,冠捷显示科技(武汉)有限公司,电子信息,市科技局
firm612,湖北武汉双汇食品有限公司附近,湖北武汉双汇食品有限公司,食品烟草,市农业局
firm613,湖北省武汉市江岸区金凰路1号,武汉金凰珠宝有限公司,消费品及其它,市商务局
firm614,"湖北省武汉市华中科技大学科技园华工园一路9号	",华工科技产业股份有限公司,电子信息,市财政局
firm615,"汉阳大道彭家岭368号(金色一路)	",武汉苏泊尔炊具有限公司,Unknown,Unknown
firm616,"江岸区黄浦大街258-260号	",武汉丝宝集团,Unknown,Unknown
firm617,"武汉市蔡甸区万家湖路	",湖北三环汉阳特种汽车制造公司,Unknown,Unknown
firm618,湖北省武汉市洪山区书城路26号武汉高德工业园,武汉高德红外技术有限公司,Unknown,Unknown
firm619,湖北省武汉市江岸区金凰路1号,武汉金凰珠宝有限公司,消费品及其它,市商务局
firm620,"湖北省武汉市华中科技大学科技园华工园一路9号	",华工科技产业股份有限公司,电子信息,市财政局
firm621,"汉阳大道彭家岭368号(金色一路)	",武汉苏泊尔炊具有限公司,Unknown,Unknown
firm622,"江岸区黄浦大街258-260号	",武汉丝宝集团,Unknown,Unknown
firm623,"武汉市蔡甸区万家湖路	",湖北三环汉阳特种汽车制造公司,Unknown,Unknown
firm624,湖北省武汉市洪山区书城路26号武汉高德工业园,武汉高德红外技术有限公司,Unknown,Unknown
firm625,高新四路18,武汉新芯集成电路制造有限公司,电子信息,市发改委
firm626,湖北省武汉市江夏区流芳园横路8号,武汉天马微电子有限公司,电子信息,市发改委
firm627,富五路,富士康（武汉）科技集团,电子信息,市发改委
firm628,湖北省武汉经济技术开发区沌口小区11号地,冠捷显示科技(武汉)有限公司,电子信息,市科技局
firm629,湖北武汉双汇食品有限公司附近,湖北武汉双汇食品有限公司,食品烟草,市农业局
firm630,湖北省武汉市江岸区金凰路1号,武汉金凰珠宝有限公司,消费品及其它,市商务局
firm631,"湖北省武汉市华中科技大学科技园华工园一路9号	",华工科技产业股份有限公司,电子信息,市财政局
firm632,"汉阳大道彭家岭368号(金色一路)	",武汉苏泊尔炊具有限公司,Unknown,Unknown
firm633,"江岸区黄浦大街258-260号	",武汉丝宝集团,Unknown,Unknown
firm634,"武汉市蔡甸区万家湖路	",湖北三环汉阳特种汽车制造公司,Unknown,Unknown
firm635,湖北省武汉市洪山区书城路26号武汉高德工业园,武汉高德红外技术有限公司,Unknown,Unknown
firm636,高新四路18,武汉新芯集成电路制造有限公司,电子信息,市发改委
firm637,湖北省武汉市江夏区流芳园横路8号,武汉天马微电子有限公司,电子信息,市发改委
firm638,富五路,富士康（武汉）科技集团,电子信息,市发改委
firm639,湖北省武汉经济技术开发区沌口小区11号地,冠捷显示科技(武汉)有限公司,电子信息,市科技局
firm640,湖北武汉双汇食品有限公司附近,湖北武汉双汇食品有限公司,食品烟草,市农业局
firm641,湖北省武汉市江岸区金凰路1号,武汉金凰珠宝有限公司,消费品及其它,市商务局
firm642,"湖北省武汉市华中科技大学科技园华工园一路9号	",华工科技产业股份有限公司,电子信息,市财政局
firm643,"汉阳大道彭家岭368号(金色一路)	",武汉苏泊尔炊具有限公司,Unknown,Unknown
firm644,"江岸区黄浦大街258-260号	",武汉丝宝集团,Unknown,Unknown
firm645,"武汉市蔡甸区万家湖路	",湖北三环汉阳特种汽车制造公司,Unknown,Unknown
firm646,湖北省武汉市洪山区书城路26号武汉高德工业园,武汉高德红外技术有限公司,Unknown,Unknown
firm647,高新四路18,武汉新芯集成电路制造有限公司,电子信息,市发改委
firm648,湖北省武汉市江夏区流芳园横路8号,武汉天马微电子有限公司,电子信息,市发改委
firm649,富五路,富士康（武汉）科技集团,电子信息,市发改委
firm650,湖北省武汉经济技术开发区沌口小区11号地,冠捷显示科技(武汉)有限公司,电子信息,市科技局
firm651,湖北武汉双汇食品有限公司附近,湖北武汉双汇食品有限公司,食品烟草,市农业局
firm652,湖北省武汉市江岸区金凰路1号,武汉金凰珠宝有限公司,消费品及其它,市商务局
firm653,"湖北省武汉市华中科技大学科技园华工园一路9号	",华工科技产业股份有限公司,电子信息,市财政局
firm654,"汉阳大道彭家岭368号(金色一路)	",武汉苏泊尔炊具有限公司,Unknown,Unknown
firm655,"江岸区黄浦大街258-260号	",武汉丝宝集团,Unknown,Unknown
firm656,"武汉市蔡甸区万家湖路	",湖北三环汉阳特种汽车制造公司,Unknown,Unknown
firm657,"湖北省武汉市东西湖区环湖中路	",湖北中烟工业有限责任公司,食品烟草,政府办公厅、市经委
firm658,"湖北省武汉市东西湖区环湖中路	",湖北中烟工业有限责任公司,食品烟草,政府办公厅、市经委
firm659,武昌徐东大街113号,国电长源电力股份有限公司,能源及环保,市经委
firm660,湖北 汉口解放大道65号,武汉海尔电器股份有限公司,消费品及其它,市科技局
firm661,"百威路特1号	",百威（武汉）国际啤酒有限公司,食品烟草,市农业局
firm662,吴家山八支沟,武汉玛丽文化用品有限公司,消费品及其它,市农业局
firm663,武汉市 东湖东路2号,武汉航空仪表有限责任公司,Unknown,Unknown
firm664,"环厂北路附近	",武汉钢铁(集团)公司,钢铁及深加工,政府办公厅、市经委
firm665,武昌徐东大街113号,国电长源电力股份有限公司,能源及环保,市经委
firm666,湖北 汉口解放大道65号,武汉海尔电器股份有限公司,消费品及其它,市科技局
firm667,"百威路特1号	",百威（武汉）国际啤酒有限公司,食品烟草,市农业局
firm668,吴家山八支沟,武汉玛丽文化用品有限公司,消费品及其它,市农业局
firm669,武汉市 东湖东路2号,武汉航空仪表有限责任公司,Unknown,Unknown
firm670,"环厂北路附近	",武汉钢铁(集团)公司,钢铁及深加工,政府办公厅、市经委
firm671,武昌徐东大街113号,国电长源电力股份有限公司,能源及环保,市经委
firm672,湖北 汉口解放大道65号,武汉海尔电器股份有限公司,消费品及其它,市科技局
firm673,"百威路特1号	",百威（武汉）国际啤酒有限公司,食品烟草,市农业局
firm674,吴家山八支沟,武汉玛丽文化用品有限公司,消费品及其它,市农业局
firm675,武汉市 东湖东路2号,武汉航空仪表有限责任公司,Unknown,Unknown
firm676,"环厂北路附近	",武汉钢铁(集团)公司,钢铁及深加工,政府办公厅、市经委
firm677,武昌徐东大街113号,国电长源电力股份有限公司,能源及环保,市经委
firm678,湖北 汉口解放大道65号,武汉海尔电器股份有限公司,消费品及其它,市科技局
firm679,"百威路特1号	",百威（武汉）国际啤酒有限公司,食品烟草,市农业局
firm680,吴家山八支沟,武汉玛丽文化用品有限公司,消费品及其它,市农业局
firm681,武汉市 东湖东路2号,武汉航空仪表有限责任公司,Unknown,Unknown
firm682,"环厂北路附近	",武汉钢铁(集团)公司,钢铁及深加工,政府办公厅、市经委
firm683,武昌徐东大街113号,国电长源电力股份有限公司,能源及环保,市经委
firm684,湖北 汉口解放大道65号,武汉海尔电器股份有限公司,消费品及其它,市科技局
firm685,"百威路特1号	",百威（武汉）国际啤酒有限公司,食品烟草,市农业局
firm686,吴家山八支沟,武汉玛丽文化用品有限公司,消费品及其它,市农业局
firm687,武汉市 东湖东路2号,武汉航空仪表有限责任公司,Unknown,Unknown
firm688,"环厂北路附近	",武汉钢铁(集团)公司,钢铁及深加工,政府办公厅、市经委
firm689,武昌徐东大街113号,国电长源电力股份有限公司,能源及环保,市经委
firm690,湖北 汉口解放大道65号,武汉海尔电器股份有限公司,消费品及其它,市科技局
firm691,"百威路特1号	",百威（武汉）国际啤酒有限公司,食品烟草,市农业局
firm692,吴家山八支沟,武汉玛丽文化用品有限公司,消费品及其它,市农业局
firm693,武汉市 东湖东路2号,武汉航空仪表有限责任公司,Unknown,Unknown
firm694,"环厂北路附近	",武汉钢铁(集团)公司,钢铁及深加工,政府办公厅、市经委
firm695,"百威路特1号	",百威（武汉）国际啤酒有限公司,食品烟草,市农业局
firm696,吴家山八支沟,武汉玛丽文化用品有限公司,消费品及其它,市农业局
firm697,武汉市 东湖东路2号,武汉航空仪表有限责任公司,Unknown,Unknown
firm698,"环厂北路附近	",武汉钢铁(集团)公司,钢铁及深加工,政府办公厅、市经委
firm699,武昌徐东大街113号,国电长源电力股份有限公司,能源及环保,市经委
firm700,湖北 汉口解放大道65号,武汉海尔电器股份有限公司,消费品及其它,市科技局
firm701,"百威路特1号	",百威（武汉）国际啤酒有限公司,食品烟草,市农业局
firm702,吴家山八支沟,武汉玛丽文化用品有限公司,消费品及其它,市农业局
firm703,武汉市 东湖东路2号,武汉航空仪表有限责任公司,Unknown,Unknown
firm704,"环厂北路附近	",武汉钢铁(集团)公司,钢铁及深加工,政府办公厅、市经委
firm705,武昌徐东大街113号,国电长源电力股份有限公司,能源及环保,市经委
firm706,湖北 汉口解放大道65号,武汉海尔电器股份有限公司,消费品及其它,市科技局
firm707,"百威路特1号	",百威（武汉）国际啤酒有限公司,食品烟草,市农业局
firm708,吴家山八支沟,武汉玛丽文化用品有限公司,消费品及其它,市农业局
firm709,武汉市 东湖东路2号,武汉航空仪表有限责任公司,Unknown,Unknown
firm710,"环厂北路附近	",武汉钢铁(集团)公司,钢铁及深加工,政府办公厅、市经委
firm711,武昌徐东大街113号,国电长源电力股份有限公司,能源及环保,市经委
firm712,湖北 汉口解放大道65号,武汉海尔电器股份有限公司,消费品及其它,市科技局
firm713,"百威路特1号	",百威（武汉）国际啤酒有限公司,食品烟草,市农业局
firm714,吴家山八支沟,武汉玛丽文化用品有限公司,消费品及其它,市农业局
firm715,武汉市 东湖东路2号,武汉航空仪表有限责任公司,Unknown,Unknown
firm716,"环厂北路附近	",武汉钢铁(集团)公司,钢铁及深加工,政府办公厅、市经委
firm717,武昌徐东大街113号,国电长源电力股份有限公司,能源及环保,市经委
firm718,湖北 汉口解放大道65号,武汉海尔电器股份有限公司,消费品及其它,市科技局
firm719,"百威路特1号	",百威（武汉）国际啤酒有限公司,食品烟草,市农业局
firm720,吴家山八支沟,武汉玛丽文化用品有限公司,消费品及其它,市农业局
firm721,武汉市 东湖东路2号,武汉航空仪表有限责任公司,Unknown,Unknown
firm722,"环厂北路附近	",武汉钢铁(集团)公司,钢铁及深加工,政府办公厅、市经委
firm723,武昌徐东大街113号,国电长源电力股份有限公司,能源及环保,市经委
firm724,湖北 汉口解放大道65号,武汉海尔电器股份有限公司,消费品及其它,市科技局
firm725,"百威路特1号	",百威（武汉）国际啤酒有限公司,食品烟草,市农业局
firm726,吴家山八支沟,武汉玛丽文化用品有限公司,消费品及其它,市农业局
firm727,武汉市 东湖东路2号,武汉航空仪表有限责任公司,Unknown,Unknown
firm728,"环厂北路附近	",武汉钢铁(集团)公司,钢铁及深加工,政府办公厅、市经委
firm729,武昌徐东大街113号,国电长源电力股份有限公司,能源及环保,市经委
firm730,湖北 汉口解放大道65号,武汉海尔电器股份有限公司,消费品及其它,市科技局
firm731,"百威路特1号	",百威（武汉）国际啤酒有限公司,食品烟草,市农业局
firm732,吴家山八支沟,武汉玛丽文化用品有限公司,消费品及其它,市农业局
firm733,武汉市 东湖东路2号,武汉航空仪表有限责任公司,Unknown,Unknown
firm734,"环厂北路附近	",武汉钢铁(集团)公司,钢铁及深加工,政府办公厅、市经委
firm735,武昌徐东大街113号,国电长源电力股份有限公司,能源及环保,市经委
firm736,湖北 汉口解放大道65号,武汉海尔电器股份有限公司,消费品及其它,市科技局
firm737,"百威路特1号	",百威（武汉）国际啤酒有限公司,食品烟草,市农业局
firm738,吴家山八支沟,武汉玛丽文化用品有限公司,消费品及其它,市农业局
firm739,武汉市 东湖东路2号,武汉航空仪表有限责任公司,Unknown,Unknown
firm740,"环厂北路附近	",武汉钢铁(集团)公司,钢铁及深加工,政府办公厅、市经委
firm741,武昌徐东大街113号,国电长源电力股份有限公司,能源及环保,市经委
firm742,湖北 汉口解放大道65号,武汉海尔电器股份有限公司,消费品及其它,市科技局
firm743,"百威路特1号	",百威（武汉）国际啤酒有限公司,食品烟草,市农业局
firm744,吴家山八支沟,武汉玛丽文化用品有限公司,消费品及其它,市农业局
firm745,武汉市 东湖东路2号,武汉航空仪表有限责任公司,Unknown,Unknown
firm746,"环厂北路附近	",武汉钢铁(集团)公司,钢铁及深加工,政府办公厅、市经委
firm747,武昌徐东大街113号,国电长源电力股份有限公司,能源及环保,市经委
firm748,湖北 汉口解放大道65号,武汉海尔电器股份有限公司,消费品及其它,市科技局
firm749,流芳园南路附近,武汉多普达通讯有限公司,电子信息,市发改委
firm750,张之洞路2号,武昌船舶重工有限责任公司,装备制造业,市经委
firm751,武汉市青山区工业港船厂新村特1号,中外运长航集团青山船厂,装备制造业,市经委
firm752,"武东中路1号	",武汉重工铸锻有限责任公司,装备制造业,市经委
firm753,江汉经济开发区江汉经济开发区江旺路8号,武汉爱帝集团有限公司,消费品及其它,市商务局
firm754,武昌区临江大道9号,武汉生物制品研究所,生物医药,市商务局
firm755,武汉市江汉区江兴路,武汉大西洋连铸设备股份有限公司,装备制造业,市商务局
firm756,金福路8号,武汉金牛经济发展有限公司,建材,市建委
firm757,建设大道311号附近,武汉凌云科技集团有限公司,装备制造业,市建委
firm758,江夏区江夏大桥新区,中国南车集团长江车辆有限责任公司,装备制造业,市财政局
firm759,"湖北省武汉市江岸区胜利街226号	",武汉中原电子集团有限公司,电子信息,市财政局
firm760,武汉武昌区徐东大街7号新世界百货,武汉中石油天然气股份有限公司华中公司,Unknown,Unknown
firm761,流芳园南路附近,武汉多普达通讯有限公司,电子信息,市发改委
firm762,张之洞路2号,武昌船舶重工有限责任公司,装备制造业,市经委
firm763,武汉市青山区工业港船厂新村特1号,中外运长航集团青山船厂,装备制造业,市经委
firm764,"武东中路1号	",武汉重工铸锻有限责任公司,装备制造业,市经委
firm765,江汉经济开发区江汉经济开发区江旺路8号,武汉爱帝集团有限公司,消费品及其它,市商务局
firm766,武昌区临江大道9号,武汉生物制品研究所,生物医药,市商务局
firm767,武汉市江汉区江兴路,武汉大西洋连铸设备股份有限公司,装备制造业,市商务局
firm768,金福路8号,武汉金牛经济发展有限公司,建材,市建委
firm769,建设大道311号附近,武汉凌云科技集团有限公司,装备制造业,市建委
firm770,江夏区江夏大桥新区,中国南车集团长江车辆有限责任公司,装备制造业,市财政局
firm771,"湖北省武汉市江岸区胜利街226号	",武汉中原电子集团有限公司,电子信息,市财政局
firm772,武汉武昌区徐东大街7号新世界百货,武汉中石油天然气股份有限公司华中公司,Unknown,Unknown
firm773,流芳园南路附近,武汉多普达通讯有限公司,电子信息,市发改委
firm774,张之洞路2号,武昌船舶重工有限责任公司,装备制造业,市经委
firm775,武汉市青山区工业港船厂新村特1号,中外运长航集团青山船厂,装备制造业,市经委
firm776,"武东中路1号	",武汉重工铸锻有限责任公司,装备制造业,市经委
firm777,江汉经济开发区江汉经济开发区江旺路8号,武汉爱帝集团有限公司,消费品及其它,市商务局
firm778,武昌区临江大道9号,武汉生物制品研究所,生物医药,市商务局
firm779,武汉市江汉区江兴路,武汉大西洋连铸设备股份有限公司,装备制造业,市商务局
firm780,金福路8号,武汉金牛经济发展有限公司,建材,市建委
firm781,建设大道311号附近,武汉凌云科技集团有限公司,装备制造业,市建委
firm782,江夏区江夏大桥新区,中国南车集团长江车辆有限责任公司,装备制造业,市财政局
firm783,"湖北省武汉市江岸区胜利街226号	",武汉中原电子集团有限公司,电子信息,市财政局
firm784,武汉武昌区徐东大街7号新世界百货,武汉中石油天然气股份有限公司华中公司,Unknown,Unknown
firm785,流芳园南路附近,武汉多普达通讯有限公司,电子信息,市发改委
firm786,武汉市青山区工业港船厂新村特1号,中外运长航集团青山船厂,装备制造业,市经委
firm787,"武东中路1号	",武汉重工铸锻有限责任公司,装备制造业,市经委
firm788,江汉经济开发区江汉经济开发区江旺路8号,武汉爱帝集团有限公司,消费品及其它,市商务局
firm789,武昌区临江大道9号,武汉生物制品研究所,生物医药,市商务局
firm790,武汉市江汉区江兴路,武汉大西洋连铸设备股份有限公司,装备制造业,市商务局
firm791,金福路8号,武汉金牛经济发展有限公司,建材,市建委
firm792,建设大道311号附近,武汉凌云科技集团有限公司,装备制造业,市建委
firm793,江夏区江夏大桥新区,中国南车集团长江车辆有限责任公司,装备制造业,市财政局
firm794,"湖北省武汉市江岸区胜利街226号	",武汉中原电子集团有限公司,电子信息,市财政局
firm795,武汉武昌区徐东大街7号新世界百货,武汉中石油天然气股份有限公司华中公司,Unknown,Unknown
firm796,流芳园南路附近,武汉多普达通讯有限公司,电子信息,市发改委
firm797,张之洞路2号,武昌船舶重工有限责任公司,装备制造业,市经委
firm798,武汉市青山区工业港船厂新村特1号,中外运长航集团青山船厂,装备制造业,市经委
firm799,"武东中路1号	",武汉重工铸锻有限责任公司,装备制造业,市经委
firm800,江汉经济开发区江汉经济开发区江旺路8号,武汉爱帝集团有限公司,消费品及其它,市商务局
firm801,武昌区临江大道9号,武汉生物制品研究所,生物医药,市商务局
firm802,武汉市江汉区江兴路,武汉大西洋连铸设备股份有限公司,装备制造业,市商务局
firm803,金福路8号,武汉金牛经济发展有限公司,建材,市建委
firm804,建设大道311号附近,武汉凌云科技集团有限公司,装备制造业,市建委
firm805,江夏区江夏大桥新区,中国南车集团长江车辆有限责任公司,装备制造业,市财政局
firm806,"湖北省武汉市江岸区胜利街226号	",武汉中原电子集团有限公司,电子信息,市财政局
firm807,武汉武昌区徐东大街7号新世界百货,武汉中石油天然气股份有限公司华中公司,Unknown,Unknown
firm808,流芳园南路附近,武汉多普达通讯有限公司,电子信息,市发改委
firm809,张之洞路2号,武昌船舶重工有限责任公司,装备制造业,市经委
firm810,武汉市青山区工业港船厂新村特1号,中外运长航集团青山船厂,装备制造业,市经委
firm811,"武东中路1号	",武汉重工铸锻有限责任公司,装备制造业,市经委
firm812,江汉经济开发区江汉经济开发区江旺路8号,武汉爱帝集团有限公司,消费品及其它,市商务局
firm813,武昌区临江大道9号,武汉生物制品研究所,生物医药,市商务局
firm814,武汉市江汉区江兴路,武汉大西洋连铸设备股份有限公司,装备制造业,市商务局
firm815,金福路8号,武汉金牛经济发展有限公司,建材,市建委
firm816,建设大道311号附近,武汉凌云科技集团有限公司,装备制造业,市建委
firm817,江夏区江夏大桥新区,中国南车集团长江车辆有限责任公司,装备制造业,市财政局
firm818,"湖北省武汉市江岸区胜利街226号	",武汉中原电子集团有限公司,电子信息,市财政局
firm819,武汉武昌区徐东大街7号新世界百货,武汉中石油天然气股份有限公司华中公司,Unknown,Unknown
firm820,流芳园南路附近,武汉多普达通讯有限公司,电子信息,市发改委
firm821,张之洞路2号,武昌船舶重工有限责任公司,装备制造业,市经委
firm822,武汉市青山区工业港船厂新村特1号,中外运长航集团青山船厂,装备制造业,市经委
firm823,"武东中路1号	",武汉重工铸锻有限责任公司,装备制造业,市经委
firm824,江汉经济开发区江汉经济开发区江旺路8号,武汉爱帝集团有限公司,消费品及其它,市商务局
firm825,武昌区临江大道9号,武汉生物制品研究所,生物医药,市商务局
firm826,武汉市江汉区江兴路,武汉大西洋连铸设备股份有限公司,装备制造业,市商务局
firm827,金福路8号,武汉金牛经济发展有限公司,建材,市建委
firm828,建设大道311号附近,武汉凌云科技集团有限公司,装备制造业,市建委
firm829,江夏区江夏大桥新区,中国南车集团长江车辆有限责任公司,装备制造业,市财政局
firm830,"湖北省武汉市江岸区胜利街226号	",武汉中原电子集团有限公司,电子信息,市财政局
firm831,武汉武昌区徐东大街7号新世界百货,武汉中石油天然气股份有限公司华中公司,Unknown,Unknown
firm832,流芳园南路附近,武汉多普达通讯有限公司,电子信息,市发改委
firm833,张之洞路2号,武昌船舶重工有限责任公司,装备制造业,市经委
firm834,武汉市青山区工业港船厂新村特1号,中外运长航集团青山船厂,装备制造业,市经委
firm835,"武东中路1号	",武汉重工铸锻有限责任公司,装备制造业,市经委
firm836,江汉经济开发区江汉经济开发区江旺路8号,武汉爱帝集团有限公司,消费品及其它,市商务局
firm837,武昌区临江大道9号,武汉生物制品研究所,生物医药,市商务局
firm838,武汉市江汉区江兴路,武汉大西洋连铸设备股份有限公司,装备制造业,市商务局
firm839,金福路8号,武汉金牛经济发展有限公司,建材,市建委
firm840,建设大道311号附近,武汉凌云科技集团有限公司,装备制造业,市建委
firm841,江夏区江夏大桥新区,中国南车集团长江车辆有限责任公司,装备制造业,市财政局
firm842,"湖北省武汉市江岸区胜利街226号	",武汉中原电子集团有限公司,电子信息,市财政局
firm843,武汉武昌区徐东大街7号新世界百货,武汉中石油天然气股份有限公司华中公司,Unknown,Unknown
firm844,流芳园南路附近,武汉多普达通讯有限公司,电子信息,市发改委
firm845,张之洞路2号,武昌船舶重工有限责任公司,装备制造业,市经委
firm846,武汉市青山区工业港船厂新村特1号,中外运长航集团青山船厂,装备制造业,市经委
firm847,"武东中路1号	",武汉重工铸锻有限责任公司,装备制造业,市经委
firm848,江汉经济开发区江汉经济开发区江旺路8号,武汉爱帝集团有限公司,消费品及其它,市商务局
firm849,武昌区临江大道9号,武汉生物制品研究所,生物医药,市商务局
firm850,武汉市江汉区江兴路,武汉大西洋连铸设备股份有限公司,装备制造业,市商务局
firm851,金福路8号,武汉金牛经济发展有限公司,建材,市建委
firm852,建设大道311号附近,武汉凌云科技集团有限公司,装备制造业,市建委
firm853,江夏区江夏大桥新区,中国南车集团长江车辆有限责任公司,装备制造业,市财政局
firm854,"湖北省武汉市江岸区胜利街226号	",武汉中原电子集团有限公司,电子信息,市财政局
firm855,武汉武昌区徐东大街7号新世界百货,武汉中石油天然气股份有限公司华中公司,Unknown,Unknown
firm856,流芳园南路附近,武汉多普达通讯有限公司,电子信息,市发改委
firm857,张之洞路2号,武昌船舶重工有限责任公司,装备制造业,市经委
firm858,武汉市青山区工业港船厂新村特1号,中外运长航集团青山船厂,装备制造业,市经委
firm859,"武东中路1号	",武汉重工铸锻有限责任公司,装备制造业,市经委
firm860,江汉经济开发区江汉经济开发区江旺路8号,武汉爱帝集团有限公司,消费品及其它,市商务局
firm861,武昌区临江大道9号,武汉生物制品研究所,生物医药,市商务局
firm862,武汉市江汉区江兴路,武汉大西洋连铸设备股份有限公司,装备制造业,市商务局
firm863,金福路8号,武汉金牛经济发展有限公司,建材,市建委
firm864,建设大道311号附近,武汉凌云科技集团有限公司,装备制造业,市建委
firm865,江夏区江夏大桥新区,中国南车集团长江车辆有限责任公司,装备制造业,市财政局
firm866,"湖北省武汉市江岸区胜利街226号	",武汉中原电子集团有限公司,电子信息,市财政局
firm867,武汉武昌区徐东大街7号新世界百货,武汉中石油天然气股份有限公司华中公司,Unknown,Unknown
firm868,流芳园南路附近,武汉多普达通讯有限公司,电子信息,市发改委
firm869,张之洞路2号,武昌船舶重工有限责任公司,装备制造业,市经委
firm870,武汉市青山区工业港船厂新村特1号,中外运长航集团青山船厂,装备制造业,市经委
firm871,"武东中路1号	",武汉重工铸锻有限责任公司,装备制造业,市经委
firm872,江汉经济开发区江汉经济开发区江旺路8号,武汉爱帝集团有限公司,消费品及其它,市商务局
firm873,武昌区临江大道9号,武汉生物制品研究所,生物医药,市商务局
firm874,武汉市江汉区江兴路,武汉大西洋连铸设备股份有限公司,装备制造业,市商务局
firm875,金福路8号,武汉金牛经济发展有限公司,建材,市建委
firm876,建设大道311号附近,武汉凌云科技集团有限公司,装备制造业,市建委
firm877,江夏区江夏大桥新区,中国南车集团长江车辆有限责任公司,装备制造业,市财政局
firm878,"湖北省武汉市江岸区胜利街226号	",武汉中原电子集团有限公司,电子信息,市财政局
firm879,武汉武昌区徐东大街7号新世界百货,武汉中石油天然气股份有限公司华中公司,Unknown,Unknown
firm880,流芳园南路附近,武汉多普达通讯有限公司,电子信息,市发改委
firm881,张之洞路2号,武昌船舶重工有限责任公司,装备制造业,市经委
firm882,武汉市青山区工业港船厂新村特1号,中外运长航集团青山船厂,装备制造业,市经委
firm883,"武东中路1号	",武汉重工铸锻有限责任公司,装备制造业,市经委
firm884,江汉经济开发区江汉经济开发区江旺路8号,武汉爱帝集团有限公司,消费品及其它,市商务局
firm885,武昌区临江大道9号,武汉生物制品研究所,生物医药,市商务局
firm886,武汉市江汉区江兴路,武汉大西洋连铸设备股份有限公司,装备制造业,市商务局
firm887,金福路8号,武汉金牛经济发展有限公司,建材,市建委
firm888,建设大道311号附近,武汉凌云科技集团有限公司,装备制造业,市建委
firm889,江夏区江夏大桥新区,中国南车集团长江车辆有限责任公司,装备制造业,市财政局
firm890,"湖北省武汉市江岸区胜利街226号	",武汉中原电子集团有限公司,电子信息,市财政局
firm891,武汉武昌区徐东大街7号新世界百货,武汉中石油天然气股份有限公司华中公司,Unknown,Unknown
firm892,张之洞路2号,武昌船舶重工有限责任公司,装备制造业,市经委
firm893,武汉市青山区工业港船厂新村特1号,中外运长航集团青山船厂,装备制造业,市经委
firm894,"武东中路1号	",武汉重工铸锻有限责任公司,装备制造业,市经委
firm895,江汉经济开发区江汉经济开发区江旺路8号,武汉爱帝集团有限公司,消费品及其它,市商务局
firm896,武昌区临江大道9号,武汉生物制品研究所,生物医药,市商务局
firm897,武汉市江汉区江兴路,武汉大西洋连铸设备股份有限公司,装备制造业,市商务局
firm898,金福路8号,武汉金牛经济发展有限公司,建材,市建委
firm899,建设大道311号附近,武汉凌云科技集团有限公司,装备制造业,市建委
firm900,江夏区江夏大桥新区,中国南车集团长江车辆有限责任公司,装备制造业,市财政局
firm901,"湖北省武汉市江岸区胜利街226号	",武汉中原电子集团有限公司,电子信息,市财政局
firm902,武汉武昌区徐东大街7号新世界百货,武汉中石油天然气股份有限公司华中公司,Unknown,Unknown
firm903,流芳园南路附近,武汉多普达通讯有限公司,电子信息,市发改委
firm904,张之洞路2号,武昌船舶重工有限责任公司,装备制造业,市经委
firm905,武汉市青山区工业港船厂新村特1号,中外运长航集团青山船厂,装备制造业,市经委
firm906,"武东中路1号	",武汉重工铸锻有限责任公司,装备制造业,市经委
firm907,江汉经济开发区江汉经济开发区江旺路8号,武汉爱帝集团有限公司,消费品及其它,市商务局
firm908,武昌区临江大道9号,武汉生物制品研究所,生物医药,市商务局
firm909,武汉市江汉区江兴路,武汉大西洋连铸设备股份有限公司,装备制造业,市商务局
firm910,金福路8号,武汉金牛经济发展有限公司,建材,市建委
firm911,建设大道311号附近,武汉凌云科技集团有限公司,装备制造业,市建委
firm912,江夏区江夏大桥新区,中国南车集团长江车辆有限责任公司,装备制造业,市财政局
firm913,"湖北省武汉市江岸区胜利街226号	",武汉中原电子集团有限公司,电子信息,市财政局
firm914,武汉武昌区徐东大街7号新世界百货,武汉中石油天然气股份有限公司华中公司,Unknown,Unknown
firm915,流芳园南路附近,武汉多普达通讯有限公司,电子信息,市发改委
firm916,张之洞路2号,武昌船舶重工有限责任公司,装备制造业,市经委
firm917,武汉市青山区工业港船厂新村特1号,中外运长航集团青山船厂,装备制造业,市经委
firm918,"武东中路1号	",武汉重工铸锻有限责任公司,装备制造业,市经委
firm919,江汉经济开发区江汉经济开发区江旺路8号,武汉爱帝集团有限公司,消费品及其它,市商务局
firm920,武昌区临江大道9号,武汉生物制品研究所,生物医药,市商务局
firm921,武汉市江汉区江兴路,武汉大西洋连铸设备股份有限公司,装备制造业,市商务局
firm922,金福路8号,武汉金牛经济发展有限公司,建材,市建委
firm923,建设大道311号附近,武汉凌云科技集团有限公司,装备制造业,市建委
firm924,江夏区江夏大桥新区,中国南车集团长江车辆有限责任公司,装备制造业,市财政局
firm925,"湖北省武汉市江岸区胜利街226号	",武汉中原电子集团有限公司,电子信息,市财政局
firm926,武汉武昌区徐东大街7号新世界百货,武汉中石油天然气股份有限公司华中公司,Unknown,Unknown
firm927,流芳园南路附近,武汉多普达通讯有限公司,电子信息,市发改委
firm928,张之洞路2号,武昌船舶重工有限责任公司,装备制造业,市经委
firm929,武东街9号,武汉船用机械有限责任公司,装备制造业,市经委
firm930,湖北省武汉市武昌区中北路中岳大厦6楼,武汉重工集团有限公司,装备制造业,市财政局
firm931,武汉市江汉区唐家墩路32号国资大厦,武汉商联（集团）股份有限公司,服务业,市财政局
firm932,武汉市江岸区解放大道1529号,武汉供电公司,Unknown,Unknown
firm933,武东街9号,武汉船用机械有限责任公司,装备制造业,市经委
firm934,湖北省武汉市武昌区中北路中岳大厦6楼,武汉重工集团有限公司,装备制造业,市财政局
firm935,武汉市江汉区唐家墩路32号国资大厦,武汉商联（集团）股份有限公司,服务业,市财政局
firm936,武汉市江岸区解放大道1529号,武汉供电公司,Unknown,Unknown
firm937,武东街9号,武汉船用机械有限责任公司,装备制造业,市经委
firm938,湖北省武汉市武昌区中北路中岳大厦6楼,武汉重工集团有限公司,装备制造业,市财政局
firm939,武汉市江汉区唐家墩路32号国资大厦,武汉商联（集团）股份有限公司,服务业,市财政局
firm940,武汉市江岸区解放大道1529号,武汉供电公司,Unknown,Unknown
firm941,武东街9号,武汉船用机械有限责任公司,装备制造业,市经委
firm942,湖北省武汉市武昌区中北路中岳大厦6楼,武汉重工集团有限公司,装备制造业,市财政局
firm943,武汉市江汉区唐家墩路32号国资大厦,武汉商联（集团）股份有限公司,服务业,市财政局
firm944,武汉市江岸区解放大道1529号,武汉供电公司,Unknown,Unknown
firm945,武东街9号,武汉船用机械有限责任公司,装备制造业,市经委
firm946,湖北省武汉市武昌区中北路中岳大厦6楼,武汉重工集团有限公司,装备制造业,市财政局
firm947,武汉市江汉区唐家墩路32号国资大厦,武汉商联（集团）股份有限公司,服务业,市财政局
firm948,武汉市江岸区解放大道1529号,武汉供电公司,Unknown,Unknown
firm949,武东街9号,武汉船用机械有限责任公司,装备制造业,市经委
firm950,湖北省武汉市武昌区中北路中岳大厦6楼,武汉重工集团有限公司,装备制造业,市财政局
firm951,武汉市江汉区唐家墩路32号国资大厦,武汉商联（集团）股份有限公司,服务业,市财政局
firm952,武汉市江岸区解放大道1529号,武汉供电公司,Unknown,Unknown
firm953,武东街9号,武汉船用机械有限责任公司,装备制造业,市经委
firm954,湖北省武汉市武昌区中北路中岳大厦6楼,武汉重工集团有限公司,装备制造业,市财政局
firm955,武汉市江汉区唐家墩路32号国资大厦,武汉商联（集团）股份有限公司,服务业,市财政局
firm956,武汉市江岸区解放大道1529号,武汉供电公司,Unknown,Unknown
firm957,武东街9号,武汉船用机械有限责任公司,装备制造业,市经委
firm958,湖北省武汉市武昌区中北路中岳大厦6楼,武汉重工集团有限公司,装备制造业,市财政局
firm959,武汉市江汉区唐家墩路32号国资大厦,武汉商联（集团）股份有限公司,服务业,市财政局
firm960,武汉市江岸区解放大道1529号,武汉供电公司,Unknown,Unknown
firm961,武东街9号,武汉船用机械有限责任公司,装备制造业,市经委
firm962,湖北省武汉市武昌区中北路中岳大厦6楼,武汉重工集团有限公司,装备制造业,市财政局
firm963,武汉市江汉区唐家墩路32号国资大厦,武汉商联（集团）股份有限公司,服务业,市财政局
firm964,武汉市江岸区解放大道1529号,武汉供电公司,Unknown,Unknown
firm965,武东街9号,武汉船用机械有限责任公司,装备制造业,市经委
firm966,湖北省武汉市武昌区中北路中岳大厦6楼,武汉重工集团有限公司,装备制造业,市财政局
firm967,武汉市江汉区唐家墩路32号国资大厦,武汉商联（集团）股份有限公司,服务业,市财政局
firm968,武汉市江岸区解放大道1529号,武汉供电公司,Unknown,Unknown
firm969,武东街9号,武汉船用机械有限责任公司,装备制造业,市经委
firm970,湖北省武汉市武昌区中北路中岳大厦6楼,武汉重工集团有限公司,装备制造业,市财政局
firm971,武汉市江汉区唐家墩路32号国资大厦,武汉商联（集团）股份有限公司,服务业,市财政局
firm972,武汉市江岸区解放大道1529号,武汉供电公司,Unknown,Unknown
firm973,武东街9号,武汉船用机械有限责任公司,装备制造业,市经委
firm974,湖北省武汉市武昌区中北路中岳大厦6楼,武汉重工集团有限公司,装备制造业,市财政局
firm975,武汉市江汉区唐家墩路32号国资大厦,武汉商联（集团）股份有限公司,服务业,市财政局
firm976,武汉市江岸区解放大道1529号,武汉供电公司,Unknown,Unknown
firm977,武东街9号,武汉船用机械有限责任公司,装备制造业,市经委
firm978,湖北省武汉市武昌区中北路中岳大厦6楼,武汉重工集团有限公司,装备制造业,市财政局
firm979,武汉市江汉区唐家墩路32号国资大厦,武汉商联（集团）股份有限公司,服务业,市财政局
firm980,武汉市江岸区解放大道1529号,武汉供电公司,Unknown,Unknown
firm981,武东街9号,武汉船用机械有限责任公司,装备制造业,市经委
firm982,湖北省武汉市武昌区中北路中岳大厦6楼,武汉重工集团有限公司,装备制造业,市财政局
firm983,武汉市江汉区唐家墩路32号国资大厦,武汉商联（集团）股份有限公司,服务业,市财政局
firm984,武汉市江岸区解放大道1529号,武汉供电公司,Unknown,Unknown
firm985,武东街9号,武汉船用机械有限责任公司,装备制造业,市经委
firm986,湖北省武汉市武昌区中北路中岳大厦6楼,武汉重工集团有限公司,装备制造业,市财政局
firm987,武汉市江汉区唐家墩路32号国资大厦,武汉商联（集团）股份有限公司,服务业,市财政局
firm988,武汉市江岸区解放大道1529号,武汉供电公司,Unknown,Unknown
